COMPANY NAME,,SYMBOL,,PRICE,,TRADE ,,SHARE VOLUME,,,,CHANGE_PERCENTAGE,
,,,,,,,,,,CHANGE,,,
,,,,,,,,,,,,,-0.826446280991735537190
,ABANS ELECTRICALS PLC,,ABAN.N0000,,120.0,,2,,101,,-1,,
,,,,,,,,,,,,,-3.463203463203463203463
,ABANS FINANCE PLC,,AFSL.N0000,,44.6,,1,,100,,-1.6,,
,,,,,,,,,,,,,-4.545454545454545454545
,ABANS FINANCE PLC,,AFSL.N0000,,44.1,,4,,100,,-2.1,,
,,,,,,,,,,,,,0.3676470588235294117647
,ACCESS ENGINEERING PLC,,AEL.N0000,,27.3,,1,,5,,0.1,,
,,,,,,,,,,,,,0
,ACCESS ENGINEERING PLC,,AEL.N0000,,27.2,,9,,5483,,0,,
,,,,,,,,,,,,,-0.367647058823529411764
,ACCESS ENGINEERING PLC,,AEL.N0000,,27.1,,55,,158777,,-0.1,,
,,,,,,,,,,,,,-0.735294117647058823529
,ACCESS ENGINEERING PLC,,AEL.N0000,,27.0,,62,,328779,,-0.2,,
,,,,,,,,,,,,,-1.102941176470588235294
,ACCESS ENGINEERING PLC,,AEL.N0000,,26.9,,1,,1000,,-0.3,,
,,,,,,,,,,,,,0
,ACL CABLES PLC,,ACL.N0000,,64.3,,1,,1000,,0,,
,,,,,,,,,,,,,-0.466562986003110419906
,ACL CABLES PLC,,ACL.N0000,,64.0,,3,,800,,-0.3,,
,,,,,,,,,,,,,-1.088646967340590979782
,ACL CABLES PLC,,ACL.N0000,,63.6,,4,,1021,,-0.7,,
,,,,,,,,,,,,,0
,ACL PLASTICS PLC,,APLA.N0000,,230.0,,1,,969,,0,,
,,,,,,,,,,,,,-0.043478260869565217391
,ACL PLASTICS PLC,,APLA.N0000,,229.9,,1,,40,,-0.1,,
,,,,,,,,,,,,,-0.086956521739130434782
,ACL PLASTICS PLC,,APLA.N0000,,229.8,,1,,25,,-0.2,,
,,,,,,,,,,,,,-0.434782608695652173913
,ACL PLASTICS PLC,,APLA.N0000,,229.0,,2,,148,,-1,,
,,,,,,,,,,,,,-0.478260869565217391304
,ACL PLASTICS PLC,,APLA.N0000,,228.9,,1,,360,,-1.1,,
,,,,,,,,,,,,,-1.304347826086956521739
,ACL PLASTICS PLC,,APLA.N0000,,227.0,,1,,18,,-3,,
,,,,,,,,,,,,,-3.478260869565217391304
,ACL PLASTICS PLC,,APLA.N0000,,222.0,,1,,1,,-8,,
,,,,,,,,,,,,,0
,ADAM CAPITAL PLC,,PCHH.N0000,,1.7,,2,,9700,,0,,
,,,,,,,,,,,,,9.0909090909090909090909
,ADAM INVESTMENTS PLC,,AINV.N0000,,2.4,,1,,1,,0.2,,
,,,,,,,,,,,,,4.5454545454545454545454
,ADAM INVESTMENTS PLC,,AINV.N0000,,2.3,,1,,70,,0.1,,
,,,,,,,,,,,,,0
,ADAM INVESTMENTS PLC,,AINV.N0000,,2.2,,1,,78394,,0,,
,,,,,,,,,,,,,0
,AGALAWATTE PLANTATIONS PLC,,AGAL.N0000,,20.0,,2,,524,,0,,
,,,,,,,,,,,,,-5
,AGALAWATTE PLANTATIONS PLC,,AGAL.N0000,,19.0,,4,,458,,-1,,
,,,,,,,,,,,,,3.6363636363636363636363
,AGSTAR PLC,,AGST.N0000,,5.7,,10,,11,,0.2,,
,,,,,,,,,,,,,1.8181818181818181818181
,AGSTAR PLC,,AGST.N0000,,5.6,,8,,20,,0.1,,
,,,,,,,,,,,,,0
,AGSTAR PLC,,AGST.N0000,,5.5,,5,,21000,,0,,
,,,,,,,,,,,,,-1.818181818181818181818
,AGSTAR PLC,,AGST.N0000,,5.4,,1,,71,,-0.1,,
,,,,,,,,,,,,,0.6036217303822937625754
,AITKEN SPENCE HOTEL HOLDINGS PLC,,AHUN.N0000,,50.0,,2,,1625,,0.3,,
,,,,,,,,,,,,,-0.201207243460764587525
,AITKEN SPENCE HOTEL HOLDINGS PLC,,AHUN.N0000,,49.6,,1,,105,,-0.1,,
,,,,,,,,,,,,,-0.136986301369863013698
,AITKEN SPENCE PLC,,SPEN.N0000,,72.9,,1,,536,,-0.1,,
,,,,,,,,,,,,,-0.547945205479452054794
,AITKEN SPENCE PLC,,SPEN.N0000,,72.6,,2,,4000,,-0.4,,
,,,,,,,,,,,,,-0.684931506849315068493
,AITKEN SPENCE PLC,,SPEN.N0000,,72.5,,1,,300,,-0.5,,
,,,,,,,,,,,,,-0.009614460148062686280
,ALLIANCE FINANCE COMPANY PLC,,ALLI.N0000,,1040.0,,11,,835,,-0.1,,
,,,,,,,,,,,,,-0.019228920296125372560
,ALLIANCE FINANCE COMPANY PLC,,ALLI.N0000,,1039.9,,3,,75,,-0.2,,
,,,,,,,,,,,,,-0.105759061628689549081
,ALLIANCE FINANCE COMPANY PLC,,ALLI.N0000,,1039.0,,1,,1,,-1.1,,
,,,,,,,,,,,,,-0.298048264589943274685
,ALLIANCE FINANCE COMPANY PLC,,ALLI.N0000,,1037.0,,3,,23,,-3.1,,
,,,,,,,,,,,,,-0.394192866070570137486
,ALLIANCE FINANCE COMPANY PLC,,ALLI.N0000,,1036.0,,4,,13,,-4.1,,
,,,,,,,,,,,,,-0.490337467551197000288
,ALLIANCE FINANCE COMPANY PLC,,ALLI.N0000,,1035.0,,3,,25,,-5.1,,
,,,,,,,,,,,,,-0.778771271993077588693
,ALLIANCE FINANCE COMPANY PLC,,ALLI.N0000,,1032.0,,1,,5,,-8.1,,
,,,,,,,,,,,,,-1.301518438177874186550
,ALUFAB PLC,,ALUF.N0000,,45.5,,4,,1665,,-0.6,,
,,,,,,,,,,,,,-1.952277657266811279826
,ALUFAB PLC,,ALUF.N0000,,45.2,,4,,410,,-0.9,,
,,,,,,,,,,,,,-0.480769230769230769230
,ALUMEX PLC,,ALUM.N0000,,20.7,,4,,2900,,-0.1,,
,,,,,,,,,,,,,-0.961538461538461538461
,ALUMEX PLC,,ALUM.N0000,,20.6,,7,,9025,,-0.2,,
,,,,,,,,,,,,,-1.442307692307692307692
,ALUMEX PLC,,ALUM.N0000,,20.5,,55,,152154,,-0.3,,
,,,,,,,,,,,,,-1.923076923076923076923
,ALUMEX PLC,,ALUM.N0000,,20.4,,37,,73691,,-0.4,,
,,,,,,,,,,,,,0
,AMANA BANK PLC,,ABL.N0000,,4.0,,10,,16970,,0,,
,,,,,,,,,,,,,-2.5
,AMANA BANK PLC,,ABL.N0000,,3.9,,2,,23630,,-0.1,,
,,,,,,,,,,,,,0
,AMANA TAKAFUL  PLC,,ATL.N0000,,0.9,,1,,5000,,0,,
,,,,,,,,,,,,,-11.11111111111111111111
,AMANA TAKAFUL  PLC,,ATL.N0000,,0.8,,2,,7300,,-0.1,,
,,,,,,,,,,,,,0
,AMANA TAKAFUL LIFE PLC,,ATLL.N0000,,1.7,,8,,2106,,0,,
,,,,,,,,,,,,,-1.449275362318840579710
,AMAYA LEISURE  PLC,,CONN.N0000,,68.0,,1,,4,,-1,,
,,,,,,,,,,,,,-2.753623188405797101449
,AMAYA LEISURE  PLC,,CONN.N0000,,67.1,,2,,114,,-1.9,,
,,,,,,,,,,,,,5
,ANILANA HOTELS AND PROPERTIES PLC,,ALHP.N0000,,2.1,,2,,2,,0.1,,
,,,,,,,,,,,,,0
,ANILANA HOTELS AND PROPERTIES PLC,,ALHP.N0000,,2.0,,39,,1497583,,0,,
,,,,,,,,,,,,,4.8387096774193548387096
,ARPICO INSURANCE PLC,,AINS.N0000,,13.0,,1,,500,,0.6,,
,,,,,,,,,,,,,0
,ARPICO INSURANCE PLC,,AINS.N0000,,12.4,,2,,300,,0,,
,,,,,,,,,,,,,3.0303030303030303030303
,ASCOT HOLDINGS  PLC,,ASCO.N0000,,34.0,,3,,183,,1,,
,,,,,,,,,,,,,0
,ASCOT HOLDINGS  PLC,,ASCO.N0000,,33.0,,4,,1000,,0,,
,,,,,,,,,,,,,-0.606060606060606060606
,ASCOT HOLDINGS  PLC,,ASCO.N0000,,32.8,,1,,2,,-0.2,,
,,,,,,,,,,,,,-0.909090909090909090909
,ASCOT HOLDINGS  PLC,,ASCO.N0000,,32.7,,1,,313,,-0.3,,
,,,,,,,,,,,,,-1.212121212121212121212
,ASCOT HOLDINGS  PLC,,ASCO.N0000,,32.6,,2,,502,,-0.4,,
,,,,,,,,,,,,,-1.515151515151515151515
,ASCOT HOLDINGS  PLC,,ASCO.N0000,,32.5,,1,,173,,-0.5,,
,,,,,,,,,,,,,6.25
,ASIA ASSET FINANCE PLC,,AAF.N0000,,1.7,,12,,18998,,0.1,,
,,,,,,,,,,,,,0
,ASIA ASSET FINANCE PLC,,AAF.N0000,,1.6,,17,,3855732,,0,,
,,,,,,,,,,,,,5.2083333333333333333333
,ASIA CAPITAL PLC,,ACAP.N0000,,10.1,,1,,10,,0.5,,
,,,,,,,,,,,,,0
,ASIA SIYAKA COMMODITIES PLC,,ASIY.N0000,,2.5,,2,,7910,,0,,
,,,,,,,,,,,,,-0.418410041841004184100
,ASIAN ALLIANCE INSURANCE PLC,,AAIC.N0000,,23.8,,1,,10,,-0.1,,
,,,,,,,,,,,,,-1.673640167364016736401
,ASIAN ALLIANCE INSURANCE PLC,,AAIC.N0000,,23.5,,1,,200,,-0.4,,
,,,,,,,,,,,,,3.1613976705490848585690
,ASIAN HOTELS & PROPERTIES PLC,,AHPL.N0000,,62.0,,1,,487,,1.9,,
,,,,,,,,,,,,,2.9950083194675540765391
,ASIAN HOTELS & PROPERTIES PLC,,AHPL.N0000,,61.9,,3,,403,,1.8,,
,,,,,,,,,,,,,2.8286189683860232945091
,ASIAN HOTELS & PROPERTIES PLC,,AHPL.N0000,,61.8,,1,,10,,1.7,,
,,,,,,,,,,,,,0.7751937984496124031007
,ASIRI  SURGICAL HOSPITAL PLC,,AMSL.N0000,,13.0,,2,,4000,,0.1,,
,,,,,,,,,,,,,0
,ASIRI  SURGICAL HOSPITAL PLC,,AMSL.N0000,,12.9,,2,,2000,,0,,
,,,,,,,,,,,,,-0.775193798449612403100
,ASIRI  SURGICAL HOSPITAL PLC,,AMSL.N0000,,12.8,,8,,1600,,-0.1,,
,,,,,,,,,,,,,2.0477815699658703071672
,ASIRI HOSPITAL HOLDINGS PLC,,ASIR.N0000,,29.9,,2,,2066,,0.6,,
,,,,,,,,,,,,,0.6825938566552901023890
,ASIRI HOSPITAL HOLDINGS PLC,,ASIR.N0000,,29.5,,4,,550,,0.2,,
,,,,,,,,,,,,,0.3412969283276450511945
,ASIRI HOSPITAL HOLDINGS PLC,,ASIR.N0000,,29.4,,4,,180,,0.1,,
,,,,,,,,,,,,,-0.044424700133274100399
,ASSOCIATED MOTOR FINANCE COMPANY PLC,,AMF.N0000,,450.0,,1,,1,,-0.2,,
,,,,,,,,,,,,,-0.523286237571951857666
,BAIRAHA FARMS PLC,,BFL.N0000,,190.1,,1,,50,,-1,,
,,,,,,,,,,,,,-0.575614861329147043432
,BAIRAHA FARMS PLC,,BFL.N0000,,190.0,,4,,360,,-1.1,,
,,,,,,,,,,,,,0
,BALANGODA PLANTATIONS PLC,,BALA.N0000,,14.1,,1,,1000,,0,,
,,,,,,,,,,,,,-0.709219858156028368794
,BALANGODA PLANTATIONS PLC,,BALA.N0000,,14.0,,4,,5200,,-0.1,,
,,,,,,,,,,,,,9
,BANSEI ROYAL RESORTS HIKKADUWA PLC,,BRR.N0000,,10.9,,1,,1,,0.9,,
,,,,,,,,,,,,,0
,BANSEI ROYAL RESORTS HIKKADUWA PLC,,BRR.N0000,,10.0,,1,,10,,0,,
,,,,,,,,,,,,,0
,BERUWALA RESORTS PLC,,BERU.N0000,,1.3,,18,,121307,,0,,
,,,,,,,,,,,,,4.7619047619047619047619
,BLUE DIAMONDS JEWELLERY WORLDWIDE PLC,,BLUE.N0000,,2.2,,1,,1,,0.1,,
,,,,,,,,,,,,,16.666666666666666666666
,BLUE DIAMONDS JEWELLERY WORLDWIDE PLC,,BLUE.X0000,,0.7,,1,,1,,0.1,,
,,,,,,,,,,,,,0
,BLUE DIAMONDS JEWELLERY WORLDWIDE PLC,,BLUE.N0000,,2.1,,9,,140620,,0,,
,,,,,,,,,,,,,0
,BLUE DIAMONDS JEWELLERY WORLDWIDE PLC,,BLUE.X0000,,0.6,,14,,210903,,0,,
,,,,,,,,,,,,,4.375
,BOGALA GRAPHITE LANKA PLC,,BOGA.N0000,,16.7,,3,,1500,,0.7,,
,,,,,,,,,,,,,3.75
,BOGALA GRAPHITE LANKA PLC,,BOGA.N0000,,16.6,,18,,13452,,0.6,,
,,,,,,,,,,,,,3.125
,BOGALA GRAPHITE LANKA PLC,,BOGA.N0000,,16.5,,25,,35581,,0.5,,
,,,,,,,,,,,,,2.5
,BOGALA GRAPHITE LANKA PLC,,BOGA.N0000,,16.4,,36,,55507,,0.4,,
,,,,,,,,,,,,,1.875
,BOGALA GRAPHITE LANKA PLC,,BOGA.N0000,,16.3,,12,,20706,,0.3,,
,,,,,,,,,,,,,1.25
,BOGALA GRAPHITE LANKA PLC,,BOGA.N0000,,16.2,,8,,17291,,0.2,,
,,,,,,,,,,,,,0.625
,BOGALA GRAPHITE LANKA PLC,,BOGA.N0000,,16.1,,5,,12000,,0.1,,
,,,,,,,,,,,,,0
,BROWN & COMPANY PLC,,BRWN.N0000,,93.0,,1,,5,,0,,
,,,,,,,,,,,,,-0.967741935483870967741
,BROWN & COMPANY PLC,,BRWN.N0000,,92.1,,1,,99,,-0.9,,
,,,,,,,,,,,,,-1.397849462365591397849
,BROWN & COMPANY PLC,,BRWN.N0000,,91.7,,3,,1697,,-1.3,,
,,,,,,,,,,,,,-1.505376344086021505376
,BROWN & COMPANY PLC,,BRWN.N0000,,91.6,,1,,96,,-1.4,,
,,,,,,,,,,,,,3.3057851239669421487603
,BROWNS BEACH HOTELS PLC,,BBH.N0000,,25.0,,9,,9080,,0.8,,
,,,,,,,,,,,,,2.8925619834710743801652
,BROWNS BEACH HOTELS PLC,,BBH.N0000,,24.9,,8,,603,,0.7,,
,,,,,,,,,,,,,2.4793388429752066115702
,BROWNS BEACH HOTELS PLC,,BBH.N0000,,24.8,,1,,1,,0.6,,
,,,,,,,,,,,,,2.0661157024793388429752
,BROWNS BEACH HOTELS PLC,,BBH.N0000,,24.7,,1,,1,,0.5,,
,,,,,,,,,,,,,1.6528925619834710743801
,BROWNS BEACH HOTELS PLC,,BBH.N0000,,24.6,,1,,1,,0.4,,
,,,,,,,,,,,,,1.2396694214876033057851
,BROWNS BEACH HOTELS PLC,,BBH.N0000,,24.5,,2,,74,,0.3,,
,,,,,,,,,,,,,0
,BROWNS CAPITAL PLC,,FLCH.N0000,,1.3,,1,,100,,0,,
,,,,,,,,,,,,,-7.692307692307692307692
,BROWNS CAPITAL PLC,,FLCH.N0000,,1.2,,4,,17039,,-0.1,,
,,,,,,,,,,,,,0
,BROWNS HYDRO POWER PLC,,HPFL.N0000,,6.8,,1,,2000,,0,,
,,,,,,,,,,,,,0
,BROWNS INVESTMENTS PLC,,BIL.N0000,,1.4,,4,,57709,,0,,
,,,,,,,,,,,,,1.5477538693846734616836
,BUKIT DARAH PLC,,BUKI.N0000,,269.0,,2,,2,,4.1,,
,,,,,,,,,,,,,-1.057002642506606266515
,BUKIT DARAH PLC,,BUKI.N0000,,262.1,,1,,5,,-2.8,,
,,,,,,,,,,,,,2.0430107526881720430107
,C M HOLDINGS PLC,,COLO.N0000,,94.9,,1,,6,,1.9,,
,,,,,,,,,,,,,1.9354838709677419354838
,C M HOLDINGS PLC,,COLO.N0000,,94.8,,3,,5,,1.8,,
,,,,,,,,,,,,,-0.537634408602150537634
,C T LAND DEVELOPMENT PLC,,CTLD.N0000,,55.5,,1,,2,,-0.3,,
,,,,,,,,,,,,,-1.481481481481481481481
,C. W. MACKIE PLC,,CWM.N0000,,53.2,,1,,15,,-0.8,,
,,,,,,,,,,,,,2.1978021978021978021978
,CANDOR OPPORTUNITIES FUND,,COF.U0000,,9.3,,2,,7566,,0.2,,
,,,,,,,,,,,,,0.8174386920980926430517
,CARGILLS (CEYLON) PLC,,CARG.N0000,,185.0,,1,,98,,1.5,,
,,,,,,,,,,,,,0.7629427792915531335149
,CARGILLS (CEYLON) PLC,,CARG.N0000,,184.9,,10,,1905,,1.4,,
,,,,,,,,,,,,,0.7084468664850136239782
,CARGILLS (CEYLON) PLC,,CARG.N0000,,184.8,,1,,100,,1.3,,
,,,,,,,,,,,,,0.5449591280653950953678
,CARGILLS (CEYLON) PLC,,CARG.N0000,,184.5,,1,,200,,1,,
,,,,,,,,,,,,,0.2724795640326975476839
,CARGILLS (CEYLON) PLC,,CARG.N0000,,184.0,,6,,17060,,0.5,,
,,,,,,,,,,,,,0.2179836512261580381471
,CARGILLS (CEYLON) PLC,,CARG.N0000,,183.9,,1,,10,,0.4,,
,,,,,,,,,,,,,1.6814159292035398230088
,CENTRAL FINANCE COMPANY PLC,,CFIN.N0000,,114.9,,1,,1,,1.9,,
,,,,,,,,,,,,,0.8849557522123893805309
,CENTRAL FINANCE COMPANY PLC,,CFIN.N0000,,114.0,,2,,100,,1,,
,,,,,,,,,,,,,0.0884955752212389380530
,CENTRAL FINANCE COMPANY PLC,,CFIN.N0000,,113.1,,1,,418,,0.1,,
,,,,,,,,,,,,,0
,CENTRAL FINANCE COMPANY PLC,,CFIN.N0000,,113.0,,1,,280,,0,,
,,,,,,,,,,,,,-0.550458715596330275229
,CENTRAL INDUSTRIES PLC,,CIND.N0000,,54.2,,1,,500,,-0.3,,
,,,,,,,,,,,,,5.8823529411764705882352
,CENTRAL INVESTMENTS & FINANCE PLC,,CIFL.N0000,,1.8,,6,,126,,0.1,,
,,,,,,,,,,,,,0
,CENTRAL INVESTMENTS & FINANCE PLC,,CIFL.N0000,,1.7,,58,,99466,,0,,
,,,,,,,,,,,,,-5.882352941176470588235
,CENTRAL INVESTMENTS & FINANCE PLC,,CIFL.N0000,,1.6,,2,,1390,,-0.1,,
,,,,,,,,,,,,,0
,CEYLINCO INSURANCE PLC,,CINS.X0000,,750.0,,1,,499,,0,,
,,,,,,,,,,,,,1.5625
,CEYLON & FOREIGN TRADES PLC,,CFT.N0000,,6.5,,1,,100,,0.1,,
,,,,,,,,,,,,,-1.5625
,CEYLON & FOREIGN TRADES PLC,,CFT.N0000,,6.3,,4,,11000,,-0.1,,
,,,,,,,,,,,,,2.1377672209026128266033
,CEYLON COLD STORES PLC,,CCS.N0000,,645.0,,2,,95,,13.5,,
,,,,,,,,,,,,,0.0791765637371338083927
,CEYLON COLD STORES PLC,,CCS.N0000,,632.0,,1,,25,,0.5,,
,,,,,,,,,,,,,-0.158353127474267616785
,CEYLON COLD STORES PLC,,CCS.N0000,,630.5,,1,,2,,-1,,
,,,,,,,,,,,,,-0.174188440221694378463
,CEYLON COLD STORES PLC,,CCS.N0000,,630.4,,2,,4,,-1.1,,
,,,,,,,,,,,,,0.7268951194184839044652
,CEYLON GRAIN ELEVATORS PLC,,GRAN.N0000,,97.0,,1,,1,,0.7,,
,,,,,,,,,,,,,0.5192107995846313603322
,CEYLON GRAIN ELEVATORS PLC,,GRAN.N0000,,96.8,,1,,24,,0.5,,
,,,,,,,,,,,,,0.4153686396677050882658
,CEYLON GRAIN ELEVATORS PLC,,GRAN.N0000,,96.7,,1,,20,,0.4,,
,,,,,,,,,,,,,0
,CEYLON GRAIN ELEVATORS PLC,,GRAN.N0000,,96.3,,4,,1056,,0,,
,,,,,,,,,,,,,-0.311526479750778816199
,CEYLON GRAIN ELEVATORS PLC,,GRAN.N0000,,96.0,,2,,1000,,-0.3,,
,,,,,,,,,,,,,-0.415368639667705088265
,CEYLON GRAIN ELEVATORS PLC,,GRAN.N0000,,95.9,,3,,11,,-0.4,,
,,,,,,,,,,,,,-0.519210799584631360332
,CEYLON GRAIN ELEVATORS PLC,,GRAN.N0000,,95.8,,7,,371,,-0.5,,
,,,,,,,,,,,,,-0.623052959501557632398
,CEYLON GRAIN ELEVATORS PLC,,GRAN.N0000,,95.7,,2,,150,,-0.6,,
,,,,,,,,,,,,,-0.726895119418483904465
,CEYLON GRAIN ELEVATORS PLC,,GRAN.N0000,,95.6,,10,,10601,,-0.7,,
,,,,,,,,,,,,,1.25
,CEYLON HOSPITALS PLC (DURDANS),,CHL.X0000,,81.0,,1,,30,,1,,
,,,,,,,,,,,,,0
,CEYLON HOSPITALS PLC (DURDANS),,CHL.N0000,,100.0,,7,,1625,,0,,
,,,,,,,,,,,,,0
,CEYLON HOSPITALS PLC (DURDANS),,CHL.X0000,,80.0,,1,,1156,,0,,
,,,,,,,,,,,,,4.2513863216266173752310
,CEYLON INVESTMENT PLC,,CINV.N0000,,56.4,,1,,2,,2.3,,
,,,,,,,,,,,,,4.0665434380776340110905
,CEYLON INVESTMENT PLC,,CINV.N0000,,56.3,,3,,3043,,2.2,,
,,,,,,,,,,,,,3.8817005545286506469500
,CEYLON INVESTMENT PLC,,CINV.N0000,,56.2,,1,,155,,2.1,,
,,,,,,,,,,,,,0.7393715341959334565619
,CEYLON INVESTMENT PLC,,CINV.N0000,,54.5,,3,,13000,,0.4,,
,,,,,,,,,,,,,0
,CEYLON LEATHER PRODUCTS PLC,,CLPL.N0000,,70.0,,1,,1000,,0,,
,,,,,,,,,,,,,-6.714285714285714285714
,CEYLON LEATHER PRODUCTS PLC,,CLPL.N0000,,65.3,,1,,300,,-4.7,,
,,,,,,,,,,,,,-6.857142857142857142857
,CEYLON LEATHER PRODUCTS PLC,,CLPL.N0000,,65.2,,2,,995,,-4.8,,
,,,,,,,,,,,,,-7
,CEYLON LEATHER PRODUCTS PLC,,CLPL.N0000,,65.1,,1,,1000,,-4.9,,
,,,,,,,,,,,,,-5.607476635514018691588
,CEYLON PRINTERS PLC,,CPRT.N0000,,70.7,,1,,20,,-4.2,,
,,,,,,,,,,,,,-0.574712643678160919540
,CEYLON TOBACCO COMPANY PLC,,CTC.N0000,,865.0,,1,,52960,,-5,,
,,,,,,,,,,,,,-1.137931034482758620689
,CEYLON TOBACCO COMPANY PLC,,CTC.N0000,,860.1,,1,,2,,-9.9,,
,,,,,,,,,,,,,-1.149425287356321839080
,CEYLON TOBACCO COMPANY PLC,,CTC.N0000,,860.0,,5,,300,,-10,,
,,,,,,,,,,,,,-1.298850574712643678160
,CEYLON TOBACCO COMPANY PLC,,CTC.N0000,,858.7,,2,,20,,-11.3,,
,,,,,,,,,,,,,-1.310344827586206896551
,CEYLON TOBACCO COMPANY PLC,,CTC.N0000,,858.6,,1,,18,,-11.4,,
,,,,,,,,,,,,,-1.367816091954022988505
,CEYLON TOBACCO COMPANY PLC,,CTC.N0000,,858.1,,3,,30,,-11.9,,
,,,,,,,,,,,,,-1.379310344827586206896
,CEYLON TOBACCO COMPANY PLC,,CTC.N0000,,858.0,,5,,22,,-12,,
,,,,,,,,,,,,,0
,CHEVRON LUBRICANTS LANKA PLC,,LLUB.N0000,,170.0,,15,,4759,,0,,
,,,,,,,,,,,,,-0.058823529411764705882
,CHEVRON LUBRICANTS LANKA PLC,,LLUB.N0000,,169.9,,2,,530,,-0.1,,
,,,,,,,,,,,,,-0.235294117647058823529
,CHEVRON LUBRICANTS LANKA PLC,,LLUB.N0000,,169.6,,7,,611,,-0.4,,
,,,,,,,,,,,,,-0.294117647058823529411
,CHEVRON LUBRICANTS LANKA PLC,,LLUB.N0000,,169.5,,2,,99,,-0.5,,
,,,,,,,,,,,,,-11.40350877192982456140
,CHILAW FINANCE PLC,,CFL.N0000,,20.2,,2,,200,,-2.6,,
,,,,,,,,,,,,,-11.84210526315789473684
,CHILAW FINANCE PLC,,CFL.N0000,,20.1,,2,,10000,,-2.7,,
,,,,,,,,,,,,,0
,CIC HOLDINGS PLC,,CIC.N0000,,103.0,,1,,2,,0,,
,,,,,,,,,,,,,0
,CIC HOLDINGS PLC,,CIC.X0000,,80.0,,6,,6500,,0,,
,,,,,,,,,,,,,-1.25
,CIC HOLDINGS PLC,,CIC.X0000,,79.0,,4,,40000,,-1,,
,,,,,,,,,,,,,-1
,CITIZENS DEVELOPMENT BUSINESS FINANCE PLC,,CDB.N0000,,79.2,,2,,150,,-0.8,,
,,,,,,,,,,,,,-1.125
,CITIZENS DEVELOPMENT BUSINESS FINANCE PLC,,CDB.N0000,,79.1,,1,,200,,-0.9,,
,,,,,,,,,,,,,-1.25
,CITIZENS DEVELOPMENT BUSINESS FINANCE PLC,,CDB.N0000,,79.0,,2,,330,,-1,,
,,,,,,,,,,,,,-0.806451612903225806451
,CITRUS LEISURE  PLC,,REEF.N0000,,12.3,,1,,98,,-0.1,,
,,,,,,,,,,,,,-1.612903225806451612903
,CITRUS LEISURE  PLC,,REEF.N0000,,12.2,,8,,2520,,-0.2,,
,,,,,,,,,,,,,-3.225806451612903225806
,CITRUS LEISURE  PLC,,REEF.N0000,,12.0,,1,,10,,-0.4,,
,,,,,,,,,,,,,-4.032258064516129032258
,CITRUS LEISURE  PLC,,REEF.N0000,,11.9,,16,,10684,,-0.5,,
,,,,,,,,,,,,,0
,CITY HOUSING & REAL ESTATE CO. PLC,,CHOU.N0000,,9.5,,2,,6178,,0,,
,,,,,,,,,,,,,0.4854368932038834951456
,COLOMBO CITY HOLDINGS PLC,,PHAR.N0000,,1035.0,,1,,7,,5,,
,,,,,,,,,,,,,-2.815533980582524271844
,COLOMBO CITY HOLDINGS PLC,,PHAR.N0000,,1001.0,,2,,2,,-29,,
,,,,,,,,,,,,,-2.893203883495145631067
,COLOMBO CITY HOLDINGS PLC,,PHAR.N0000,,1000.2,,1,,39,,-29.8,,
,,,,,,,,,,,,,-2.902912621359223300970
,COLOMBO CITY HOLDINGS PLC,,PHAR.N0000,,1000.1,,1,,9,,-29.9,,
,,,,,,,,,,,,,-2.912621359223300970873
,COLOMBO CITY HOLDINGS PLC,,PHAR.N0000,,1000.0,,10,,254,,-30,,
,,,,,,,,,,,,,1.7241379310344827586206
,COLOMBO DOCKYARD PLC,,DOCK.N0000,,88.5,,2,,20,,1.5,,
,,,,,,,,,,,,,0.2298850574712643678160
,COLOMBO DOCKYARD PLC,,DOCK.N0000,,87.2,,4,,124,,0.2,,
,,,,,,,,,,,,,0.1149425287356321839080
,COLOMBO DOCKYARD PLC,,DOCK.N0000,,87.1,,4,,391,,0.1,,
,,,,,,,,,,,,,0
,COLOMBO LAND & DEVELOPMENT COMPANY PLC,,CLND.N0000,,30.0,,1,,1000,,0,,
,,,,,,,,,,,,,-1.666666666666666666666
,COLOMBO LAND & DEVELOPMENT COMPANY PLC,,CLND.N0000,,29.5,,1,,2,,-0.5,,
,,,,,,,,,,,,,-2
,COLOMBO LAND & DEVELOPMENT COMPANY PLC,,CLND.N0000,,29.4,,2,,9,,-0.6,,
,,,,,,,,,,,,,-2.333333333333333333333
,COLOMBO LAND & DEVELOPMENT COMPANY PLC,,CLND.N0000,,29.3,,3,,4002,,-0.7,,
,,,,,,,,,,,,,-3
,COLOMBO LAND & DEVELOPMENT COMPANY PLC,,CLND.N0000,,29.1,,1,,5,,-0.9,,
,,,,,,,,,,,,,-3.333333333333333333333
,COLOMBO LAND & DEVELOPMENT COMPANY PLC,,CLND.N0000,,29.0,,1,,164,,-1,,
,,,,,,,,,,,,,1.7699115044247787610619
,COLOMBO TRUST FINANCE PLC,,CALF.N0000,,11.5,,3,,2900,,0.2,,
,,,,,,,,,,,,,0.3367003367003367003367
,COMMERCIAL BANK OF CEYLON PLC,,COMB.N0000,,149.0,,1,,4470,,0.5,,
,,,,,,,,,,,,,0.4184100418410041841004
,COMMERCIAL BANK OF CEYLON PLC,,COMB.X0000,,120.0,,7,,4456,,0.5,,
,,,,,,,,,,,,,0.3347280334728033472803
,COMMERCIAL BANK OF CEYLON PLC,,COMB.X0000,,119.9,,1,,162,,0.4,,
,,,,,,,,,,,,,0.2020202020202020202020
,COMMERCIAL BANK OF CEYLON PLC,,COMB.N0000,,148.8,,2,,1000,,0.3,,
,,,,,,,,,,,,,0.2510460251046025104602
,COMMERCIAL BANK OF CEYLON PLC,,COMB.X0000,,119.8,,4,,2470,,0.3,,
,,,,,,,,,,,,,0
,COMMERCIAL BANK OF CEYLON PLC,,COMB.N0000,,148.5,,3,,6856,,0,,
,,,,,,,,,,,,,0
,COMMERCIAL BANK OF CEYLON PLC,,COMB.X0000,,119.5,,2,,38,,0,,
,,,,,,,,,,,,,-0.167364016736401673640
,COMMERCIAL BANK OF CEYLON PLC,,COMB.X0000,,119.3,,4,,1550,,-0.2,,
,,,,,,,,,,,,,-0.134680134680134680134
,COMMERCIAL BANK OF CEYLON PLC,,COMB.N0000,,148.3,,1,,500,,-0.2,,
,,,,,,,,,,,,,-0.251046025104602510460
,COMMERCIAL BANK OF CEYLON PLC,,COMB.X0000,,119.2,,4,,2500,,-0.3,,
,,,,,,,,,,,,,-0.334728033472803347280
,COMMERCIAL BANK OF CEYLON PLC,,COMB.X0000,,119.1,,2,,1222,,-0.4,,
,,,,,,,,,,,,,-0.336700336700336700336
,COMMERCIAL BANK OF CEYLON PLC,,COMB.N0000,,148.0,,22,,8479,,-0.5,,
,,,,,,,,,,,,,-0.404040404040404040404
,COMMERCIAL BANK OF CEYLON PLC,,COMB.N0000,,147.9,,4,,2500,,-0.6,,
,,,,,,,,,,,,,-0.471380471380471380471
,COMMERCIAL BANK OF CEYLON PLC,,COMB.N0000,,147.8,,4,,175,,-0.7,,
,,,,,,,,,,,,,0.2941176470588235294117
,COMMERCIAL CREDIT AND FINANCE PLC,,COCR.N0000,,68.2,,2,,31,,0.2,,
,,,,,,,,,,,,,-0.882352941176470588235
,COMMERCIAL CREDIT AND FINANCE PLC,,COCR.N0000,,67.4,,10,,2324,,-0.6,,
,,,,,,,,,,,,,-1.029411764705882352941
,COMMERCIAL CREDIT AND FINANCE PLC,,COCR.N0000,,67.3,,2,,101,,-0.7,,
,,,,,,,,,,,,,-1.176470588235294117647
,COMMERCIAL CREDIT AND FINANCE PLC,,COCR.N0000,,67.2,,8,,3222,,-0.8,,
,,,,,,,,,,,,,-1.323529411764705882352
,COMMERCIAL CREDIT AND FINANCE PLC,,COCR.N0000,,67.1,,4,,1310,,-0.9,,
,,,,,,,,,,,,,-1.470588235294117647058
,COMMERCIAL CREDIT AND FINANCE PLC,,COCR.N0000,,67.0,,15,,4841,,-1,,
,,,,,,,,,,,,,-1.764705882352941176470
,COMMERCIAL CREDIT AND FINANCE PLC,,COCR.N0000,,66.8,,1,,1,,-1.2,,
,,,,,,,,,,,,,-1.911764705882352941176
,COMMERCIAL CREDIT AND FINANCE PLC,,COCR.N0000,,66.7,,1,,100,,-1.3,,
,,,,,,,,,,,,,-2.205882352941176470588
,COMMERCIAL CREDIT AND FINANCE PLC,,COCR.N0000,,66.5,,10,,2700,,-1.5,,
,,,,,,,,,,,,,-2.5
,COMMERCIAL CREDIT AND FINANCE PLC,,COCR.N0000,,66.3,,3,,400,,-1.7,,
,,,,,,,,,,,,,-2.647058823529411764705
,COMMERCIAL CREDIT AND FINANCE PLC,,COCR.N0000,,66.2,,8,,635,,-1.8,,
,,,,,,,,,,,,,-2.794117647058823529411
,COMMERCIAL CREDIT AND FINANCE PLC,,COCR.N0000,,66.1,,10,,1480,,-1.9,,
,,,,,,,,,,,,,-2.941176470588235294117
,COMMERCIAL CREDIT AND FINANCE PLC,,COCR.N0000,,66.0,,32,,14721,,-2,,
,,,,,,,,,,,,,-3.088235294117647058823
,COMMERCIAL CREDIT AND FINANCE PLC,,COCR.N0000,,65.9,,5,,5700,,-2.1,,
,,,,,,,,,,,,,-3.235294117647058823529
,COMMERCIAL CREDIT AND FINANCE PLC,,COCR.N0000,,65.8,,4,,850,,-2.2,,
,,,,,,,,,,,,,-3.382352941176470588235
,COMMERCIAL CREDIT AND FINANCE PLC,,COCR.N0000,,65.7,,2,,560,,-2.3,,
,,,,,,,,,,,,,-3.529411764705882352941
,COMMERCIAL CREDIT AND FINANCE PLC,,COCR.N0000,,65.6,,6,,7250,,-2.4,,
,,,,,,,,,,,,,-3.676470588235294117647
,COMMERCIAL CREDIT AND FINANCE PLC,,COCR.N0000,,65.5,,13,,6699,,-2.5,,
,,,,,,,,,,,,,-3.970588235294117647058
,COMMERCIAL CREDIT AND FINANCE PLC,,COCR.N0000,,65.3,,2,,110,,-2.7,,
,,,,,,,,,,,,,-4.117647058823529411764
,COMMERCIAL CREDIT AND FINANCE PLC,,COCR.N0000,,65.2,,7,,2380,,-2.8,,
,,,,,,,,,,,,,-4.264705882352941176470
,COMMERCIAL CREDIT AND FINANCE PLC,,COCR.N0000,,65.1,,23,,6847,,-2.9,,
,,,,,,,,,,,,,-4.411764705882352941176
,COMMERCIAL CREDIT AND FINANCE PLC,,COCR.N0000,,65.0,,32,,27701,,-3,,
,,,,,,,,,,,,,-1.25
,CONVENIENCE  FOODS (LANKA )PLC,,SOY.N0000,,395.0,,1,,100,,-5,,
,,,,,,,,,,,,,0
,DANKOTUWA PORCELAIN PLC,,DPL.N0000,,7.9,,2,,5400,,0,,
,,,,,,,,,,,,,-1.265822784810126582278
,DANKOTUWA PORCELAIN PLC,,DPL.N0000,,7.8,,7,,23600,,-0.1,,
,,,,,,,,,,,,,0
,DFCC BANK PLC,,DFCC.N0000,,129.0,,4,,625,,0,,
,,,,,,,,,,,,,-0.077519379844961240310
,DFCC BANK PLC,,DFCC.N0000,,128.9,,2,,1000,,-0.1,,
,,,,,,,,,,,,,1.7241379310344827586206
,DIALOG AXIATA PLC,,DIAL.N0000,,11.8,,5,,300,,0.2,,
,,,,,,,,,,,,,0.8620689655172413793103
,DIALOG AXIATA PLC,,DIAL.N0000,,11.7,,17,,5900,,0.1,,
,,,,,,,,,,,,,0
,DIALOG AXIATA PLC,,DIAL.N0000,,11.6,,2,,5079,,0,,
,,,,,,,,,,,,,4.9180327868852459016393
,DOLPHIN HOTELS PLC,,STAF.N0000,,44.8,,2,,150,,2.1,,
,,,,,,,,,,,,,4.6838407494145199063231
,DOLPHIN HOTELS PLC,,STAF.N0000,,44.7,,2,,5,,2,,
,,,,,,,,,,,,,4.4496487119437939110070
,DOLPHIN HOTELS PLC,,STAF.N0000,,44.6,,12,,122,,1.9,,
,,,,,,,,,,,,,4.2154566744730679156908
,DOLPHIN HOTELS PLC,,STAF.N0000,,44.5,,4,,2200,,1.8,,
,,,,,,,,,,,,,3.0444964871194379391100
,DOLPHIN HOTELS PLC,,STAF.N0000,,44.0,,27,,15988,,1.3,,
,,,,,,,,,,,,,2.8103044496487119437939
,DOLPHIN HOTELS PLC,,STAF.N0000,,43.9,,12,,10855,,1.2,,
,,,,,,,,,,,,,2.3419203747072599531615
,DOLPHIN HOTELS PLC,,STAF.N0000,,43.7,,1,,100,,1,,
,,,,,,,,,,,,,1.4051522248243559718969
,DOLPHIN HOTELS PLC,,STAF.N0000,,43.3,,2,,4,,0.6,,
,,,,,,,,,,,,,0.7025761124121779859484
,DOLPHIN HOTELS PLC,,STAF.N0000,,43.0,,4,,3584,,0.3,,
,,,,,,,,,,,,,0.4683840749414519906323
,DOLPHIN HOTELS PLC,,STAF.N0000,,42.9,,6,,3050,,0.2,,
,,,,,,,,,,,,,0.2341920374707259953161
,DOLPHIN HOTELS PLC,,STAF.N0000,,42.8,,1,,942,,0.1,,
,,,,,,,,,,,,,1.4545454545454545454545
,DUNAMIS CAPITAL PLC,,CSEC.N0000,,27.9,,11,,20362,,0.4,,
,,,,,,,,,,,,,1.0909090909090909090909
,DUNAMIS CAPITAL PLC,,CSEC.N0000,,27.8,,1,,38,,0.3,,
,,,,,,,,,,,,,-0.727272727272727272727
,DUNAMIS CAPITAL PLC,,CSEC.N0000,,27.3,,1,,100,,-0.2,,
,,,,,,,,,,,,,-1.090909090909090909090
,DUNAMIS CAPITAL PLC,,CSEC.N0000,,27.2,,1,,1000,,-0.3,,
,,,,,,,,,,,,,-1.454545454545454545454
,DUNAMIS CAPITAL PLC,,CSEC.N0000,,27.1,,1,,100,,-0.4,,
,,,,,,,,,,,,,-7.623076923076923076923
,E B CREASY & COMPANY PLC,,EBCR.N0000,,1200.9,,1,,10,,-99.1,,
,,,,,,,,,,,,,-7.684615384615384615384
,E B CREASY & COMPANY PLC,,EBCR.N0000,,1200.1,,1,,10,,-99.9,,
,,,,,,,,,,,,,12.5
,E-CHANNELLING PLC,,ECL.N0000,,9.0,,25,,24564,,1,,
,,,,,,,,,,,,,11.25
,E-CHANNELLING PLC,,ECL.N0000,,8.9,,13,,23670,,0.9,,
,,,,,,,,,,,,,10
,E-CHANNELLING PLC,,ECL.N0000,,8.8,,10,,24327,,0.8,,
,,,,,,,,,,,,,8.75
,E-CHANNELLING PLC,,ECL.N0000,,8.7,,15,,34980,,0.7,,
,,,,,,,,,,,,,7.5
,E-CHANNELLING PLC,,ECL.N0000,,8.6,,23,,59021,,0.6,,
,,,,,,,,,,,,,6.25
,E-CHANNELLING PLC,,ECL.N0000,,8.5,,38,,44834,,0.5,,
,,,,,,,,,,,,,5
,E-CHANNELLING PLC,,ECL.N0000,,8.4,,16,,33300,,0.4,,
,,,,,,,,,,,,,3.75
,E-CHANNELLING PLC,,ECL.N0000,,8.3,,4,,10001,,0.3,,
,,,,,,,,,,,,,1.3157894736842105263157
,EAST WEST PROPERTIES PLC,,EAST.N0000,,15.4,,1,,1,,0.2,,
,,,,,,,,,,,,,-2.631578947368421052631
,EAST WEST PROPERTIES PLC,,EAST.N0000,,14.8,,2,,211,,-0.4,,
,,,,,,,,,,,,,2.7777777777777777777777
,EASTERN MERCHANTS PLC,,EMER.N0000,,7.4,,4,,1843,,0.2,,
,,,,,,,,,,,,,0
,EASTERN MERCHANTS PLC,,EMER.N0000,,7.2,,12,,10006,,0,,
,,,,,,,,,,,,,-1.226993865030674846625
,EDEN HOTEL LANKA PLC,,EDEN.N0000,,16.1,,1,,90,,-0.2,,
,,,,,,,,,,,,,-1.840490797546012269938
,EDEN HOTEL LANKA PLC,,EDEN.N0000,,16.0,,1,,320,,-0.3,,
,,,,,,,,,,,,,-3.067484662576687116564
,EDEN HOTEL LANKA PLC,,EDEN.N0000,,15.8,,1,,590,,-0.5,,
,,,,,,,,,,,,,-1.941747572815533980582
,ELPITIYA PLANTATIONS PLC,,ELPL.N0000,,20.2,,1,,500,,-0.4,,
,,,,,,,,,,,,,1.5151515151515151515151
,EXPOLANKA HOLDINGS PLC,,EXPO.N0000,,6.7,,9,,88107,,0.1,,
,,,,,,,,,,,,,0.8955223880597014925373
,FIRST CAPITAL HOLDINGS PLC,,CFVF.N0000,,33.8,,4,,1112,,0.3,,
,,,,,,,,,,,,,0.5970149253731343283582
,FIRST CAPITAL HOLDINGS PLC,,CFVF.N0000,,33.7,,10,,47,,0.2,,
,,,,,,,,,,,,,0
,FIRST CAPITAL HOLDINGS PLC,,CFVF.N0000,,33.5,,2,,23,,0,,
,,,,,,,,,,,,,-0.298507462686567164179
,FIRST CAPITAL HOLDINGS PLC,,CFVF.N0000,,33.4,,1,,1,,-0.1,,
,,,,,,,,,,,,,-0.597014925373134328358
,FIRST CAPITAL HOLDINGS PLC,,CFVF.N0000,,33.3,,2,,2000,,-0.2,,
,,,,,,,,,,,,,-1.194029850746268656716
,FIRST CAPITAL HOLDINGS PLC,,CFVF.N0000,,33.1,,6,,2100,,-0.4,,
,,,,,,,,,,,,,-1.492537313432835820895
,FIRST CAPITAL HOLDINGS PLC,,CFVF.N0000,,33.0,,14,,10970,,-0.5,,
,,,,,,,,,,,,,-1.791044776119402985074
,FIRST CAPITAL HOLDINGS PLC,,CFVF.N0000,,32.9,,7,,6280,,-0.6,,
,,,,,,,,,,,,,-2.089552238805970149253
,FIRST CAPITAL HOLDINGS PLC,,CFVF.N0000,,32.8,,7,,3710,,-0.7,,
,,,,,,,,,,,,,-2.388059701492537313432
,FIRST CAPITAL HOLDINGS PLC,,CFVF.N0000,,32.7,,1,,2500,,-0.8,,
,,,,,,,,,,,,,-2.686567164179104477611
,FIRST CAPITAL HOLDINGS PLC,,CFVF.N0000,,32.6,,3,,5400,,-0.9,,
,,,,,,,,,,,,,-2.985074626865671641791
,FIRST CAPITAL HOLDINGS PLC,,CFVF.N0000,,32.5,,2,,22100,,-1,,
,,,,,,,,,,,,,3.2
,GALADARI HOTELS (LANKA) PLC,,GHLL.N0000,,12.9,,3,,1660,,0.4,,
,,,,,,,,,,,,,2.4
,GALADARI HOTELS (LANKA) PLC,,GHLL.N0000,,12.8,,62,,81753,,0.3,,
,,,,,,,,,,,,,1.6
,GALADARI HOTELS (LANKA) PLC,,GHLL.N0000,,12.7,,69,,139804,,0.2,,
,,,,,,,,,,,,,0.8
,GALADARI HOTELS (LANKA) PLC,,GHLL.N0000,,12.6,,35,,56389,,0.1,,
,,,,,,,,,,,,,0
,GALADARI HOTELS (LANKA) PLC,,GHLL.N0000,,12.5,,26,,23444,,0,,
,,,,,,,,,,,,,-0.8
,GALADARI HOTELS (LANKA) PLC,,GHLL.N0000,,12.4,,1,,4564,,-0.1,,
,,,,,,,,,,,,,-0.761904761904761904761
,GESTETNER OF CEYLON PLC,,GEST.N0000,,104.2,,1,,1,,-0.8,,
,,,,,,,,,,,,,0.2325581395348837209302
,GUARDIAN CAPITAL PARTNERS PLC,,WAPO.N0000,,43.1,,1,,100,,0.1,,
,,,,,,,,,,,,,-2.325581395348837209302
,GUARDIAN CAPITAL PARTNERS PLC,,WAPO.N0000,,42.0,,2,,1300,,-1,,
,,,,,,,,,,,,,-0.025919206131743622023
,HARISCHANDRA MILLS PLC,,HARI.N0000,,2700.0,,1,,50,,-0.7,,
,,,,,,,,,,,,,0.7005253940455341506129
,HATTON NATIONAL BANK PLC,,HNB.N0000,,230.0,,1,,100,,1.6,,
,,,,,,,,,,,,,0.6191950464396284829721
,HATTON NATIONAL BANK PLC,,HNB.X0000,,195.0,,8,,20176,,1.2,,
,,,,,,,,,,,,,0.5159958720330237358101
,HATTON NATIONAL BANK PLC,,HNB.X0000,,194.8,,2,,120,,1,,
,,,,,,,,,,,,,0.3611971104231166150670
,HATTON NATIONAL BANK PLC,,HNB.X0000,,194.5,,4,,2629,,0.7,,
,,,,,,,,,,,,,0.2626970227670753064798
,HATTON NATIONAL BANK PLC,,HNB.N0000,,229.0,,1,,100,,0.6,,
,,,,,,,,,,,,,0.3095975232198142414860
,HATTON NATIONAL BANK PLC,,HNB.X0000,,194.4,,3,,1050,,0.6,,
,,,,,,,,,,,,,0.0875656742556917688266
,HATTON NATIONAL BANK PLC,,HNB.N0000,,228.6,,1,,50,,0.2,,
,,,,,,,,,,,,,0.0437828371278458844133
,HATTON NATIONAL BANK PLC,,HNB.N0000,,228.5,,2,,77,,0.1,,
,,,,,,,,,,,,,-0.175131348511383537653
,HATTON NATIONAL BANK PLC,,HNB.N0000,,228.0,,1,,10000,,-0.4,,
,,,,,,,,,,,,,-0.612959719789842381786
,HATTON NATIONAL BANK PLC,,HNB.N0000,,227.0,,1,,500,,-1.4,,
,,,,,,,,,,,,,-0.923076923076923076923
,HAYCARB PLC,,HAYC.N0000,,161.0,,1,,20,,-1.5,,
,,,,,,,,,,,,,-1.086956521739130434782
,HAYLEYS FABRIC PLC,,MGT.N0000,,18.2,,7,,16500,,-0.2,,
,,,,,,,,,,,,,-1.630434782608695652173
,HAYLEYS FABRIC PLC,,MGT.N0000,,18.1,,19,,38841,,-0.3,,
,,,,,,,,,,,,,-2.173913043478260869565
,HAYLEYS FABRIC PLC,,MGT.N0000,,18.0,,5,,16057,,-0.4,,
,,,,,,,,,,,,,-0.5
,HAYLEYS FIBRE PLC,,HEXP.N0000,,99.5,,1,,50,,-0.5,,
,,,,,,,,,,,,,-1.9
,HAYLEYS FIBRE PLC,,HEXP.N0000,,98.1,,1,,1,,-1.9,,
,,,,,,,,,,,,,-2.4
,HAYLEYS FIBRE PLC,,HEXP.N0000,,97.6,,5,,3100,,-2.4,,
,,,,,,,,,,,,,1.2280701754385964912280
,HAYLEYS PLC,,HAYL.N0000,,288.5,,1,,300,,3.5,,
,,,,,,,,,,,,,0
,HAYLEYS PLC,,HAYL.N0000,,285.0,,10,,4343,,0,,
,,,,,,,,,,,,,-0.035087719298245614035
,HAYLEYS PLC,,HAYL.N0000,,284.9,,1,,1000,,-0.1,,
,,,,,,,,,,,,,-1.719298245614035087719
,HAYLEYS PLC,,HAYL.N0000,,280.1,,5,,55,,-4.9,,
,,,,,,,,,,,,,-1.754385964912280701754
,HAYLEYS PLC,,HAYL.N0000,,280.0,,1,,145,,-5,,
,,,,,,,,,,,,,0
,HEMAS HOLDINGS PLC,,HHL.N0000,,107.0,,1,,300,,0,,
,,,,,,,,,,,,,0
,HIKKADUWA BEACH RESORT PLC,,CITH.N0000,,15.5,,1,,10,,0,,
,,,,,,,,,,,,,-3.225806451612903225806
,HIKKADUWA BEACH RESORT PLC,,CITH.N0000,,15.0,,1,,5,,-0.5,,
,,,,,,,,,,,,,0.1666666666666666666666
,HNB ASSURANCE PLC,,HASU.N0000,,60.1,,3,,1700,,0.1,,
,,,,,,,,,,,,,0
,HNB ASSURANCE PLC,,HASU.N0000,,60.0,,10,,4800,,0,,
,,,,,,,,,,,,,5.1282051282051282051282
,HORANA PLANTATIONS PLC,,HOPL.N0000,,20.5,,2,,4,,1,,
,,,,,,,,,,,,,0
,HOTEL SIGIRIYA PLC,,HSIG.N0000,,102.0,,1,,45,,0,,
,,,,,,,,,,,,,-0.178890876565295169946
,HOUSING DEVELOPMENT FINANCE CORPORATION ,,HDFC.N0000,,55.8,,1,,1,,-0.1,,
,,,,,,,,,,,,,-1.610017889087656529516
,HOUSING DEVELOPMENT FINANCE CORPORATION ,,HDFC.N0000,,55.0,,1,,1000,,-0.9,,
,,,,,,,,,,,,,-9.677419354838709677419
,HUNAS FALLS HOTELS PLC,,HUNA.N0000,,56.0,,2,,1550,,-6,,
,,,,,,,,,,,,,-10.16129032258064516129
,HUNAS FALLS HOTELS PLC,,HUNA.N0000,,55.7,,2,,60,,-6.3,,
,,,,,,,,,,,,,-10.48387096774193548387
,HUNAS FALLS HOTELS PLC,,HUNA.N0000,,55.5,,2,,200,,-6.5,,
,,,,,,,,,,,,,-10.96774193548387096774
,HUNAS FALLS HOTELS PLC,,HUNA.N0000,,55.2,,1,,500,,-6.8,,
,,,,,,,,,,,,,-11.12903225806451612903
,HUNAS FALLS HOTELS PLC,,HUNA.N0000,,55.1,,1,,10,,-6.9,,
,,,,,,,,,,,,,-11.29032258064516129032
,HUNAS FALLS HOTELS PLC,,HUNA.N0000,,55.0,,6,,6223,,-7,,
,,,,,,,,,,,,,2.8169014084507042253521
,HVA FOODS PLC,,HVA.N0000,,7.3,,17,,767,,0.2,,
,,,,,,,,,,,,,1.4084507042253521126760
,HVA FOODS PLC,,HVA.N0000,,7.2,,12,,19662,,0.1,,
,,,,,,,,,,,,,0
,HVA FOODS PLC,,HVA.N0000,,7.1,,10,,53928,,0,,
,,,,,,,,,,,,,-1.408450704225352112676
,HVA FOODS PLC,,HVA.N0000,,7.0,,17,,25367,,-0.1,,
,,,,,,,,,,,,,-2.063514269725797425853
,INDO MALAY  PLC,,INDO.N0000,,1400.1,,1,,1,,-29.5,,
,,,,,,,,,,,,,-2.070509233351986569669
,INDO MALAY  PLC,,INDO.N0000,,1400.0,,3,,24,,-29.6,,
,,,,,,,,,,,,,1.7099056603773584905660
,J.L. MORISON SONS & JONES (CEYLON) PLC,,MORI.X0000,,345.0,,2,,20,,5.8,,
,,,,,,,,,,,,,0
,JANASHAKTHI INSURANCE COMPANY PLC,,JINS.N0000,,18.5,,6,,5105,,0,,
,,,,,,,,,,,,,-0.540540540540540540540
,JANASHAKTHI INSURANCE COMPANY PLC,,JINS.N0000,,18.4,,6,,6800,,-0.1,,
,,,,,,,,,,,,,-1.081081081081081081081
,JANASHAKTHI INSURANCE COMPANY PLC,,JINS.N0000,,18.3,,6,,6904,,-0.2,,
,,,,,,,,,,,,,0.3174603174603174603174
,JOHN KEELLS HOLDINGS PLC,,JKH.N0000,,158.0,,47,,51128,,0.5,,
,,,,,,,,,,,,,0.2539682539682539682539
,JOHN KEELLS HOLDINGS PLC,,JKH.N0000,,157.9,,27,,31730,,0.4,,
,,,,,,,,,,,,,0.1904761904761904761904
,JOHN KEELLS HOLDINGS PLC,,JKH.N0000,,157.8,,9,,10354,,0.3,,
,,,,,,,,,,,,,0.1269841269841269841269
,JOHN KEELLS HOLDINGS PLC,,JKH.N0000,,157.7,,9,,10280,,0.2,,
,,,,,,,,,,,,,0.0634920634920634920634
,JOHN KEELLS HOLDINGS PLC,,JKH.N0000,,157.6,,20,,44893,,0.1,,
,,,,,,,,,,,,,0
,JOHN KEELLS HOLDINGS PLC,,JKH.N0000,,157.5,,48,,155402,,0,,
,,,,,,,,,,,,,0
,JOHN KEELLS HOTELS PLC,,KHL.N0000,,12.5,,9,,39865,,0,,
,,,,,,,,,,,,,0
,JOHN KEELLS PLC,,JKL.N0000,,63.1,,3,,95,,0,,
,,,,,,,,,,,,,1.2776565908382673730133
,KALAMAZOO SYSTEMS PLC,,KZOO.N0000,,975.0,,7,,127,,12.3,,
,,,,,,,,,,,,,1.2672691388802326789238
,KALAMAZOO SYSTEMS PLC,,KZOO.N0000,,974.9,,3,,10,,12.2,,
,,,,,,,,,,,,,0
,KALPITIYA BEACH RESORT PLC,,CITK.N0000,,4.7,,16,,45257,,0,,
,,,,,,,,,,,,,-2.127659574468085106382
,KALPITIYA BEACH RESORT PLC,,CITK.N0000,,4.6,,18,,88900,,-0.1,,
,,,,,,,,,,,,,3.9473684210526315789473
,KANDY HOTELS COMPANY (1938) PLC,,KHC.N0000,,7.9,,1,,101,,0.3,,
,,,,,,,,,,,,,0.1221001221001221001221
,KEELLS FOOD PRODUCTS PLC,,KFP.N0000,,164.0,,1,,310,,0.2,,
,,,,,,,,,,,,,0
,KEELLS FOOD PRODUCTS PLC,,KFP.N0000,,163.8,,1,,2000,,0,,
,,,,,,,,,,,,,-0.061050061050061050061
,KEELLS FOOD PRODUCTS PLC,,KFP.N0000,,163.7,,1,,200,,-0.1,,
,,,,,,,,,,,,,-0.183150183150183150183
,KEELLS FOOD PRODUCTS PLC,,KFP.N0000,,163.5,,1,,200,,-0.3,,
,,,,,,,,,,,,,-0.488400488400488400488
,KEELLS FOOD PRODUCTS PLC,,KFP.N0000,,163.0,,2,,2000,,-0.8,,
,,,,,,,,,,,,,-1.098901098901098901098
,KEELLS FOOD PRODUCTS PLC,,KFP.N0000,,162.0,,4,,500,,-1.8,,
,,,,,,,,,,,,,0.5464480874316939890710
,KEGALLE PLANTATIONS PLC,,KGAL.N0000,,55.2,,1,,1100,,0.3,,
,,,,,,,,,,,,,0.1821493624772313296903
,KEGALLE PLANTATIONS PLC,,KGAL.N0000,,55.0,,3,,823,,0.1,,
,,,,,,,,,,,,,0
,KELANI CABLES PLC,,KCAB.N0000,,143.0,,1,,34,,0,,
,,,,,,,,,,,,,3.9682539682539682539682
,KELANI VALLEY PLANTATIONS PLC,,KVAL.N0000,,65.5,,1,,1,,2.5,,
,,,,,,,,,,,,,8.1932773109243697478991
,KELSEY DEVELOPMENTS PLC,,KDL.N0000,,51.5,,1,,1,,3.9,,
,,,,,,,,,,,,,-0.210084033613445378151
,KELSEY DEVELOPMENTS PLC,,KDL.N0000,,47.5,,1,,1,,-0.1,,
,,,,,,,,,,,,,0
,KOTAGALA PLANTATIONS PLC,,KOTA.N0000,,11.0,,4,,2100,,0,,
,,,,,,,,,,,,,-0.909090909090909090909
,KOTAGALA PLANTATIONS PLC,,KOTA.N0000,,10.9,,6,,3550,,-0.1,,
,,,,,,,,,,,,,-1.818181818181818181818
,KOTAGALA PLANTATIONS PLC,,KOTA.N0000,,10.8,,3,,2500,,-0.2,,
,,,,,,,,,,,,,-2.727272727272727272727
,KOTAGALA PLANTATIONS PLC,,KOTA.N0000,,10.7,,1,,100,,-0.3,,
,,,,,,,,,,,,,-4.545454545454545454545
,KOTAGALA PLANTATIONS PLC,,KOTA.N0000,,10.5,,3,,2025,,-0.5,,
,,,,,,,,,,,,,0.3149606299212598425196
,L B FINANCE PLC,,LFIN.N0000,,127.4,,1,,5,,0.4,,
,,,,,,,,,,,,,0
,L B FINANCE PLC,,LFIN.N0000,,127.0,,9,,5336,,0,,
,,,,,,,,,,,,,-11.53846153846153846153
,LAKE HOUSE PRINTERS AND PUBLISHERS PLC,,LPRT.N0000,,115.0,,1,,1,,-15,,
,,,,,,,,,,,,,4.2253521126760563380281
,LANKA CEMENT PLC,,LCEM.N0000,,7.4,,1,,100,,0.3,,
,,,,,,,,,,,,,2.8169014084507042253521
,LANKA CEMENT PLC,,LCEM.N0000,,7.3,,2,,95,,0.2,,
,,,,,,,,,,,,,1.4084507042253521126760
,LANKA CEMENT PLC,,LCEM.N0000,,7.2,,1,,7,,0.1,,
,,,,,,,,,,,,,0.7407407407407407407407
,LANKA CENTURY INVESTMENTS PLC,,GREG.N0000,,13.6,,3,,84200,,0.1,,
,,,,,,,,,,,,,-0.740740740740740740740
,LANKA CENTURY INVESTMENTS PLC,,GREG.N0000,,13.4,,5,,4500,,-0.1,,
,,,,,,,,,,,,,0
,LANKA CERAMIC PLC,,CERA.N0000,,125.0,,3,,300,,0,,
,,,,,,,,,,,,,1.3888888888888888888888
,LANKA IOC PLC,,LIOC.N0000,,36.5,,1,,50,,0.5,,
,,,,,,,,,,,,,0
,LANKA IOC PLC,,LIOC.N0000,,36.0,,18,,26703,,0,,
,,,,,,,,,,,,,-0.277777777777777777777
,LANKA IOC PLC,,LIOC.N0000,,35.9,,5,,2755,,-0.1,,
,,,,,,,,,,,,,-2.746781115879828326180
,LANKA MILK FOODS (CWE) PLC,,LMF.N0000,,113.3,,2,,200,,-3.2,,
,,,,,,,,,,,,,-2.832618025751072961373
,LANKA MILK FOODS (CWE) PLC,,LMF.N0000,,113.2,,1,,100,,-3.3,,
,,,,,,,,,,,,,2.0681265206812652068126
,LANKA ORIX LEASING COMPANY PLC,,LOLC.N0000,,83.9,,2,,55,,1.7,,
,,,,,,,,,,,,,0.9732360097323600973236
,LANKA ORIX LEASING COMPANY PLC,,LOLC.N0000,,83.0,,22,,4134,,0.8,,
,,,,,,,,,,,,,0.4866180048661800486618
,LANKA ORIX LEASING COMPANY PLC,,LOLC.N0000,,82.6,,9,,7500,,0.4,,
,,,,,,,,,,,,,0.3649635036496350364963
,LANKA ORIX LEASING COMPANY PLC,,LOLC.N0000,,82.5,,1,,500,,0.3,,
,,,,,,,,,,,,,-1.818181818181818181818
,LANKA TILES PLC,,TILE.N0000,,108.0,,1,,2,,-2,,
,,,,,,,,,,,,,0.2178649237472766884531
,LANKA VENTURES PLC,,LVEN.N0000,,46.0,,1,,5000,,0.1,,
,,,,,,,,,,,,,1.7924528301886792452830
,LANKA WALLTILES PLC,,LWL.N0000,,107.9,,1,,1,,1.9,,
,,,,,,,,,,,,,0
,LANKA WALLTILES PLC,,LWL.N0000,,106.0,,4,,752,,0,,
,,,,,,,,,,,,,20.930232558139534883720
,LANKEM DEVELOPMENTS PLC,,LDEV.N0000,,5.2,,18,,46200,,0.9,,
,,,,,,,,,,,,,18.604651162790697674418
,LANKEM DEVELOPMENTS PLC,,LDEV.N0000,,5.1,,31,,114110,,0.8,,
,,,,,,,,,,,,,16.279069767441860465116
,LANKEM DEVELOPMENTS PLC,,LDEV.N0000,,5.0,,120,,645760,,0.7,,
,,,,,,,,,,,,,13.953488372093023255813
,LANKEM DEVELOPMENTS PLC,,LDEV.N0000,,4.9,,89,,501372,,0.6,,
,,,,,,,,,,,,,11.627906976744186046511
,LANKEM DEVELOPMENTS PLC,,LDEV.N0000,,4.8,,82,,352740,,0.5,,
,,,,,,,,,,,,,9.3023255813953488372093
,LANKEM DEVELOPMENTS PLC,,LDEV.N0000,,4.7,,13,,58811,,0.4,,
,,,,,,,,,,,,,6.9767441860465116279069
,LANKEM DEVELOPMENTS PLC,,LDEV.N0000,,4.6,,8,,30115,,0.3,,
,,,,,,,,,,,,,4.6511627906976744186046
,LANKEM DEVELOPMENTS PLC,,LDEV.N0000,,4.5,,1,,3400,,0.2,,
,,,,,,,,,,,,,2.3255813953488372093023
,LANKEM DEVELOPMENTS PLC,,LDEV.N0000,,4.4,,6,,15400,,0.1,,
,,,,,,,,,,,,,0
,LANKEM DEVELOPMENTS PLC,,LDEV.N0000,,4.3,,6,,4570000,,0,,
,,,,,,,,,,,,,2.2792022792022792022792
,LAUGFS GAS PLC,,LGL.N0000,,35.9,,1,,193,,0.8,,
,,,,,,,,,,,,,1.1396011396011396011396
,LAUGFS GAS PLC,,LGL.N0000,,35.5,,1,,50,,0.4,,
,,,,,,,,,,,,,0.8595988538681948424068
,LAUGFS GAS PLC,,LGL.X0000,,35.2,,1,,50,,0.3,,
,,,,,,,,,,,,,0.2865329512893982808022
,LAUGFS GAS PLC,,LGL.X0000,,35.0,,4,,550,,0.1,,
,,,,,,,,,,,,,0
,LAUGFS GAS PLC,,LGL.N0000,,35.1,,1,,2,,0,,
,,,,,,,,,,,,,-1.146131805157593123209
,LAUGFS GAS PLC,,LGL.X0000,,34.5,,1,,25,,-0.4,,
,,,,,,,,,,,,,0.7874015748031496062992
,LAXAPANA BATTERIES PLC,,LITE.N0000,,12.8,,1,,2000,,0.1,,
,,,,,,,,,,,,,-6.172839506172839506172
,LEE HEDGES PLC,,SHAW.N0000,,380.0,,2,,2,,-25,,
,,,,,,,,,,,,,2.4438410269069365588743
,LION BREWERY CEYLON PLC,,LION.N0000,,415.0,,1,,1,,9.9,,
,,,,,,,,,,,,,-1.752653665761540360404
,LION BREWERY CEYLON PLC,,LION.N0000,,398.0,,1,,10,,-7.1,,
,,,,,,,,,,,,,-2.246358923722537645025
,LION BREWERY CEYLON PLC,,LION.N0000,,396.0,,1,,28,,-9.1,,
,,,,,,,,,,,,,0
,LOLC FINANCE PLC,,LOFC.N0000,,3.0,,2,,200,,0,,
,,,,,,,,,,,,,-3.333333333333333333333
,LOLC FINANCE PLC,,LOFC.N0000,,2.9,,1,,1000,,-0.1,,
,,,,,,,,,,,,,6.25
,LUCKY LANKA MILK PROCESSING COMPANY PLC,,LLMP.X0000,,1.7,,9,,47600,,0.1,,
,,,,,,,,,,,,,0
,LUCKY LANKA MILK PROCESSING COMPANY PLC,,LLMP.N0000,,3.1,,4,,8000,,0,,
,,,,,,,,,,,,,0
,LUCKY LANKA MILK PROCESSING COMPANY PLC,,LLMP.X0000,,1.6,,2,,600,,0,,
,,,,,,,,,,,,,3.125
,MACKWOODS ENERGY PLC,,MEL.N0000,,3.3,,1,,10,,0.1,,
,,,,,,,,,,,,,0
,MACKWOODS ENERGY PLC,,MEL.N0000,,3.2,,1,,3400,,0,,
,,,,,,,,,,,,,7.0422535211267605633802
,MADULSIMA PLANTATIONS PLC,,MADU.N0000,,7.6,,6,,1580,,0.5,,
,,,,,,,,,,,,,0
,MALWATTE VALLEY PLANTATIONS PLC,,MAL.N0000,,2.9,,3,,231,,0,,
,,,,,,,,,,,,,3.5714285714285714285714
,MARAWILA RESORTS PLC,,MARA.N0000,,2.9,,2,,350,,0.1,,
,,,,,,,,,,,,,0
,MASKELIYA PLANTATIONS PLC,,MASK.N0000,,8.5,,1,,4900,,0,,
,,,,,,,,,,,,,-10.41162227602905569007
,MERCANTILE SHIPPING COMPANY PLC,,MSL.N0000,,74.0,,1,,14,,-8.6,,
,,,,,,,,,,,,,-0.632911392405063291139
,MERCHANT BANK OF SRI LANKA & FINANCE PLC,,MBSL.N0000,,15.7,,1,,5000,,-0.1,,
,,,,,,,,,,,,,-1.265822784810126582278
,MERCHANT BANK OF SRI LANKA & FINANCE PLC,,MBSL.N0000,,15.6,,1,,485,,-0.2,,
,,,,,,,,,,,,,-1.898734177215189873417
,MERCHANT BANK OF SRI LANKA & FINANCE PLC,,MBSL.N0000,,15.5,,9,,17146,,-0.3,,
,,,,,,,,,,,,,-1.388888888888888888888
,MILLENNIUM HOUSING DEVELOPERS PLC,,MHDL.N0000,,7.1,,2,,72,,-0.1,,
,,,,,,,,,,,,,0
,MTD WALKERS PLC,,KAPI.N0000,,47.0,,5,,592,,0,,
,,,,,,,,,,,,,-0.425531914893617021276
,MTD WALKERS PLC,,KAPI.N0000,,46.8,,3,,347,,-0.2,,
,,,,,,,,,,,,,-0.638297872340425531914
,MTD WALKERS PLC,,KAPI.N0000,,46.7,,1,,10,,-0.3,,
,,,,,,,,,,,,,0
,MULLER AND PHIPPS (CEYLON) PLC,,MULL.N0000,,1.2,,2,,21000,,0,,
,,,,,,,,,,,,,3.3519553072625698324022
,MULTI FINANCE PLC,,MFL.N0000,,18.5,,1,,99,,0.6,,
,,,,,,,,,,,,,2.7932960893854748603351
,MULTI FINANCE PLC,,MFL.N0000,,18.4,,1,,100,,0.5,,
,,,,,,,,,,,,,2.0652173913043478260869
,NAMAL ACUITY VALUE FUND,,NAVF.U0000,,93.9,,1,,25,,1.9,,
,,,,,,,,,,,,,0.1086956521739130434782
,NAMAL ACUITY VALUE FUND,,NAVF.U0000,,92.1,,1,,25,,0.1,,
,,,,,,,,,,,,,-3.043478260869565217391
,NAMAL ACUITY VALUE FUND,,NAVF.U0000,,89.2,,1,,100,,-2.8,,
,,,,,,,,,,,,,0
,NAMUNUKULA PLANTATIONS PLC,,NAMU.N0000,,74.9,,2,,5,,0,,
,,,,,,,,,,,,,5.5555555555555555555555
,NATION LANKA FINANCE PLC,,CSF.N0000,,1.9,,50,,528496,,0.1,,
,,,,,,,,,,,,,0
,NATION LANKA FINANCE PLC,,CSF.N0000,,1.8,,6,,151800,,0,,
,,,,,,,,,,,,,1.4414414414414414414414
,NATIONAL DEVELOPMENT BANK PLC,,NDB.N0000,,168.9,,1,,2,,2.4,,
,,,,,,,,,,,,,0.9009009009009009009009
,NATIONAL DEVELOPMENT BANK PLC,,NDB.N0000,,168.0,,1,,100,,1.5,,
,,,,,,,,,,,,,0
,NATIONAL DEVELOPMENT BANK PLC,,NDB.N0000,,166.5,,8,,560,,0,,
,,,,,,,,,,,,,-0.240240240240240240240
,NATIONAL DEVELOPMENT BANK PLC,,NDB.N0000,,166.1,,3,,1448,,-0.4,,
,,,,,,,,,,,,,-0.300300300300300300300
,NATIONAL DEVELOPMENT BANK PLC,,NDB.N0000,,166.0,,18,,23553,,-0.5,,
,,,,,,,,,,,,,1.1904761904761904761904
,NATIONS TRUST BANK PLC,,NTB.N0000,,85.0,,9,,2716,,1,,
,,,,,,,,,,,,,1.0714285714285714285714
,NATIONS TRUST BANK PLC,,NTB.N0000,,84.9,,3,,700,,0.9,,
,,,,,,,,,,,,,0.9523809523809523809523
,NATIONS TRUST BANK PLC,,NTB.N0000,,84.8,,1,,100,,0.8,,
,,,,,,,,,,,,,0.5952380952380952380952
,NATIONS TRUST BANK PLC,,NTB.N0000,,84.5,,2,,91,,0.5,,
,,,,,,,,,,,,,0.4761904761904761904761
,NATIONS TRUST BANK PLC,,NTB.N0000,,84.4,,1,,50,,0.4,,
,,,,,,,,,,,,,0
,NATIONS TRUST BANK PLC,,NTB.N0000,,84.0,,5,,1385,,0,,
,,,,,,,,,,,,,-2.127659574468085106382
,NAWALOKA HOSPITALS PLC,,NHL.N0000,,4.6,,16,,77195,,-0.1,,
,,,,,,,,,,,,,2.3760773296509690014761
,NESTLE LANKA PLC,,NEST.N0000,,2150.0,,2,,11,,49.9,,
,,,,,,,,,,,,,0.0952335603066520641874
,NESTLE LANKA PLC,,NEST.N0000,,2102.1,,1,,5,,2,,
,,,,,,,,,,,,,0.0904718822913194609780
,NESTLE LANKA PLC,,NEST.N0000,,2102.0,,1,,4,,1.9,,
,,,,,,,,,,,,,0
,NESTLE LANKA PLC,,NEST.N0000,,2100.1,,1,,15,,0,,
,,,,,,,,,,,,,-0.004761678015332603209
,NESTLE LANKA PLC,,NEST.N0000,,2100.0,,2,,5,,-0.1,,
,,,,,,,,,,,,,-0.433312699395266892052
,NESTLE LANKA PLC,,NEST.N0000,,2091.0,,2,,2,,-9.1,,
,,,,,,,,,,,,,-0.671396600161897052521
,NESTLE LANKA PLC,,NEST.N0000,,2086.0,,1,,10,,-14.1,,
,,,,,,,,,,,,,-1.195181181848483405552
,NESTLE LANKA PLC,,NEST.N0000,,2075.0,,1,,5,,-25.1,,
,,,,,,,,,,,,,-2.090376648731012808913
,NESTLE LANKA PLC,,NEST.N0000,,2056.2,,2,,15,,-43.9,,
,,,,,,,,,,,,,-2.147516784915004047426
,NESTLE LANKA PLC,,NEST.N0000,,2055.0,,1,,2,,-45.1,,
,,,,,,,,,,,,,-2.333222227512975572591
,NESTLE LANKA PLC,,NEST.N0000,,2051.1,,1,,2,,-49,,
,,,,,,,,,,,,,-2.337983905528308175801
,NESTLE LANKA PLC,,NEST.N0000,,2051.0,,2,,106,,-49.1,,
,,,,,,,,,,,,,-2.385600685681634207894
,NESTLE LANKA PLC,,NEST.N0000,,2050.0,,11,,74,,-50.1,,
,,,,,,,,,,,,,-3.337936288748154849769
,NESTLE LANKA PLC,,NEST.N0000,,2030.0,,36,,835,,-70.1,,
,,,,,,,,,,,,,-3.528403409361458978143
,NESTLE LANKA PLC,,NEST.N0000,,2026.0,,2,,51,,-74.1,,
,,,,,,,,,,,,,-3.576020189514785010237
,NESTLE LANKA PLC,,NEST.N0000,,2025.0,,1,,4,,-75.1,,
,,,,,,,,,,,,,-4.047426313032712727965
,NESTLE LANKA PLC,,NEST.N0000,,2015.1,,1,,4,,-85,,
,,,,,,,,,,,,,-4.480739012427979620018
,NESTLE LANKA PLC,,NEST.N0000,,2006.0,,1,,5,,-94.1,,
,,,,,,,,,,,,,-4.528355792581305652111
,NESTLE LANKA PLC,,NEST.N0000,,2005.0,,2,,75,,-95.1,,
,,,,,,,,,,,,,-4.623589352887957716299
,NESTLE LANKA PLC,,NEST.N0000,,2003.0,,1,,10,,-97.1,,
,,,,,,,,,,,,,-4.671206133041283748392
,NESTLE LANKA PLC,,NEST.N0000,,2002.0,,1,,1,,-98.1,,
,,,,,,,,,,,,,-4.718822913194609780486
,NESTLE LANKA PLC,,NEST.N0000,,2001.0,,3,,125,,-99.1,,
,,,,,,,,,,,,,-4.761678015332603209370
,NESTLE LANKA PLC,,NEST.N0000,,2000.1,,7,,87,,-100,,
,,,,,,,,,,,,,-4.766439693347935812580
,NESTLE LANKA PLC,,NEST.N0000,,2000.0,,23,,1559,,-100.1,,
,,,,,,,,,,,,,0
,ODEL PLC,,ODEL.N0000,,22.0,,1,,1547,,0,,
,,,,,,,,,,,,,-1.818181818181818181818
,ODEL PLC,,ODEL.N0000,,21.6,,1,,100,,-0.4,,
,,,,,,,,,,,,,8.4439083232810615199034
,OFFICE EQUIPMENT PLC,,OFEQ.N0000,,89.9,,2,,101,,7,,
,,,,,,,,,,,,,8.3232810615199034981905
,OFFICE EQUIPMENT PLC,,OFEQ.N0000,,89.8,,1,,50,,6.9,,
,,,,,,,,,,,,,7.3582629674306393244873
,OFFICE EQUIPMENT PLC,,OFEQ.N0000,,89.0,,1,,2,,6.1,,
,,,,,,,,,,,,,3.125
,ORIENT FINANCE PLC,,BFN.N0000,,16.5,,2,,504,,0.5,,
,,,,,,,,,,,,,2.5
,ORIENT FINANCE PLC,,BFN.N0000,,16.4,,1,,16,,0.4,,
,,,,,,,,,,,,,0
,ORIENT FINANCE PLC,,BFN.N0000,,16.0,,2,,1000,,0,,
,,,,,,,,,,,,,0.9852216748768472906403
,OVERSEAS REALTY (CEYLON) PLC,,OSEA.N0000,,20.5,,3,,7100,,0.2,,
,,,,,,,,,,,,,0.4926108374384236453201
,OVERSEAS REALTY (CEYLON) PLC,,OSEA.N0000,,20.4,,1,,500,,0.1,,
,,,,,,,,,,,,,0
,OVERSEAS REALTY (CEYLON) PLC,,OSEA.N0000,,20.3,,27,,33860,,0,,
,,,,,,,,,,,,,-0.492610837438423645320
,OVERSEAS REALTY (CEYLON) PLC,,OSEA.N0000,,20.2,,16,,40615,,-0.1,,
,,,,,,,,,,,,,1.7441860465116279069767
,PALM GARDEN HOTELS PLC,,PALM.N0000,,35.0,,1,,100,,0.6,,
,,,,,,,,,,,,,0
,PAN ASIA BANKING CORPORATION PLC,,PABC.N0000,,25.0,,20,,24242,,0,,
,,,,,,,,,,,,,3.2258064516129032258064
,PANASIAN POWER PLC,,PAP.N0000,,3.2,,1,,1,,0.1,,
,,,,,,,,,,,,,0
,PANASIAN POWER PLC,,PAP.N0000,,3.1,,11,,22268,,0,,
,,,,,,,,,,,,,-3.225806451612903225806
,PANASIAN POWER PLC,,PAP.N0000,,3.0,,1,,10,,-0.1,,
,,,,,,,,,,,,,2.3391812865497076023391
,PEGASUS HOTELS OF CEYLON PLC,,PEG.N0000,,35.0,,1,,3,,0.8,,
,,,,,,,,,,,,,0.5208333333333333333333
,PEOPLE'S INSURANCE PLC,,PINS.N0000,,19.3,,2,,300,,0.1,,
,,,,,,,,,,,,,0
,PEOPLE'S INSURANCE PLC,,PINS.N0000,,19.2,,24,,378429,,0,,
,,,,,,,,,,,,,0.5263157894736842105263
,PEOPLE'S LEASING & FINANCE PLC,,PLC.N0000,,19.1,,1,,8,,0.1,,
,,,,,,,,,,,,,0
,PEOPLE'S LEASING & FINANCE PLC,,PLC.N0000,,19.0,,22,,132740,,0,,
,,,,,,,,,,,,,-0.526315789473684210526
,PEOPLE'S LEASING & FINANCE PLC,,PLC.N0000,,18.9,,4,,7385,,-0.1,,
,,,,,,,,,,,,,-1.052631578947368421052
,PEOPLE'S LEASING & FINANCE PLC,,PLC.N0000,,18.8,,11,,15150,,-0.2,,
,,,,,,,,,,,,,0
,PIRAMAL GLASS CEYLON  PLC,,GLAS.N0000,,5.6,,5,,18000,,0,,
,,,,,,,,,,,,,-4.25
,PRINTCARE  PLC,,CARE.N0000,,38.3,,1,,101,,-1.7,,
,,,,,,,,,,,,,3.7037037037037037037037
,RADIANT GEMS INTERNATIONAL PLC,,RGEM.N0000,,28.0,,1,,500,,1,,
,,,,,,,,,,,,,0
,RADIANT GEMS INTERNATIONAL PLC,,RGEM.N0000,,27.0,,1,,60,,0,,
,,,,,,,,,,,,,0
,RAIGAM WAYAMBA SALTERNS PLC,,RWSL.N0000,,2.0,,2,,2300,,0,,
,,,,,,,,,,,,,2.3208191126279863481228
,REGNIS(LANKA) PLC,,REG.N0000,,149.9,,5,,1650,,3.4,,
,,,,,,,,,,,,,1.7064846416382252559726
,REGNIS(LANKA) PLC,,REG.N0000,,149.0,,1,,2000,,2.5,,
,,,,,,,,,,,,,1.5017064846416382252559
,REGNIS(LANKA) PLC,,REG.N0000,,148.7,,7,,4993,,2.2,,
,,,,,,,,,,,,,1.3651877133105802047781
,REGNIS(LANKA) PLC,,REG.N0000,,148.5,,1,,75,,2,,
,,,,,,,,,,,,,1.0238907849829351535836
,REGNIS(LANKA) PLC,,REG.N0000,,148.0,,14,,2593,,1.5,,
,,,,,,,,,,,,,0.9556313993174061433447
,REGNIS(LANKA) PLC,,REG.N0000,,147.9,,1,,638,,1.4,,
,,,,,,,,,,,,,0.8873720136518771331058
,REGNIS(LANKA) PLC,,REG.N0000,,147.8,,1,,867,,1.3,,
,,,,,,,,,,,,,0.4778156996587030716723
,REGNIS(LANKA) PLC,,REG.N0000,,147.2,,1,,10,,0.7,,
,,,,,,,,,,,,,0.4095563139931740614334
,REGNIS(LANKA) PLC,,REG.N0000,,147.1,,1,,2000,,0.6,,
,,,,,,,,,,,,,0.3412969283276450511945
,REGNIS(LANKA) PLC,,REG.N0000,,147.0,,8,,11500,,0.5,,
,,,,,,,,,,,,,0
,RENUKA AGRI FOODS PLC,,RAL.N0000,,3.1,,9,,61000,,0,,
,,,,,,,,,,,,,0.0964010282776349614395
,RENUKA CITY HOTEL PLC,,RENU.N0000,,311.5,,1,,1,,0.3,,
,,,,,,,,,,,,,-1.345291479820627802690
,RENUKA FOODS PLC,,COCO.N0000,,22.0,,1,,200,,-0.3,,
,,,,,,,,,,,,,-4.484304932735426008968
,RENUKA FOODS PLC,,COCO.N0000,,21.3,,1,,90,,-1,,
,,,,,,,,,,,,,-5.381165919282511210762
,RENUKA FOODS PLC,,COCO.N0000,,21.1,,3,,961,,-1.2,,
,,,,,,,,,,,,,-5.829596412556053811659
,RENUKA FOODS PLC,,COCO.N0000,,21.0,,4,,1200,,-1.3,,
,,,,,,,,,,,,,1.2195121951219512195121
,RICHARD PIERIS AND COMPANY PLC,,RICH.N0000,,8.3,,1,,2,,0.1,,
,,,,,,,,,,,,,0
,RICHARD PIERIS AND COMPANY PLC,,RICH.N0000,,8.2,,14,,30520,,0,,
,,,,,,,,,,,,,0.1670146137787056367432
,RICHARD PIERIS EXPORTS PLC,,REXP.N0000,,239.9,,3,,501,,0.4,,
,,,,,,,,,,,,,-0.208768267223382045929
,RICHARD PIERIS EXPORTS PLC,,REXP.N0000,,239.0,,1,,1,,-0.5,,
,,,,,,,,,,,,,-1.878914405010438413361
,RICHARD PIERIS EXPORTS PLC,,REXP.N0000,,235.0,,2,,1301,,-4.5,,
,,,,,,,,,,,,,-3.924843423799582463465
,RICHARD PIERIS EXPORTS PLC,,REXP.N0000,,230.1,,2,,20,,-9.4,,
,,,,,,,,,,,,,0
,ROYAL CERAMICS LANKA PLC,,RCL.N0000,,124.9,,1,,1000,,0,,
,,,,,,,,,,,,,-0.320256204963971176941
,ROYAL CERAMICS LANKA PLC,,RCL.N0000,,124.5,,1,,210,,-0.4,,
,,,,,,,,,,,,,-0.400320256204963971176
,ROYAL CERAMICS LANKA PLC,,RCL.N0000,,124.4,,1,,75,,-0.5,,
,,,,,,,,,,,,,-1.120896717373899119295
,ROYAL CERAMICS LANKA PLC,,RCL.N0000,,123.5,,2,,480,,-1.4,,
,,,,,,,,,,,,,0.1119820828667413213885
,SAMPATH BANK PLC,,SAMP.N0000,,268.2,,7,,1010,,0.3,,
,,,,,,,,,,,,,0.0746547219111608809257
,SAMPATH BANK PLC,,SAMP.N0000,,268.1,,10,,18713,,0.2,,
,,,,,,,,,,,,,0.0373273609555804404628
,SAMPATH BANK PLC,,SAMP.N0000,,268.0,,36,,13942,,0.1,,
,,,,,,,,,,,,,-0.298618887644643523702
,SAMPATH BANK PLC,,SAMP.N0000,,267.1,,2,,960,,-0.8,,
,,,,,,,,,,,,,0.8841732979664014146772
,SANASA DEVELOPMENT BANK PLC,,SDB.N0000,,114.1,,1,,250,,1,,
,,,,,,,,,,,,,0.7957559681697612732095
,SANASA DEVELOPMENT BANK PLC,,SDB.N0000,,114.0,,1,,1,,0.9,,
,,,,,,,,,,,,,0
,SANASA DEVELOPMENT BANK PLC,,SDB.N0000,,113.1,,2,,55,,0,,
,,,,,,,,,,,,,-0.088417329796640141467
,SANASA DEVELOPMENT BANK PLC,,SDB.N0000,,113.0,,19,,4530,,-0.1,,
,,,,,,,,,,,,,-0.442086648983200707338
,SANASA DEVELOPMENT BANK PLC,,SDB.N0000,,112.6,,1,,1,,-0.5,,
,,,,,,,,,,,,,-0.530503978779840848806
,SANASA DEVELOPMENT BANK PLC,,SDB.N0000,,112.5,,4,,113,,-0.6,,
,,,,,,,,,,,,,-0.707338638373121131741
,SANASA DEVELOPMENT BANK PLC,,SDB.N0000,,112.3,,1,,5,,-0.8,,
,,,,,,,,,,,,,-0.795755968169761273209
,SANASA DEVELOPMENT BANK PLC,,SDB.N0000,,112.2,,2,,95,,-0.9,,
,,,,,,,,,,,,,-0.884173297966401414677
,SANASA DEVELOPMENT BANK PLC,,SDB.N0000,,112.1,,1,,16,,-1,,
,,,,,,,,,,,,,0.2656042496679946879150
,SATHOSA MOTORS PLC,,SMOT.N0000,,302.0,,1,,391,,0.8,,
,,,,,,,,,,,,,-3.718459495351925630810
,SATHOSA MOTORS PLC,,SMOT.N0000,,290.0,,1,,1,,-11.2,,
,,,,,,,,,,,,,-3.682026966958067861905
,SELINSING  PLC,,SELI.N0000,,1300.1,,1,,2,,-49.7,,
,,,,,,,,,,,,,-3.689435471921766187583
,SELINSING  PLC,,SELI.N0000,,1300.0,,2,,23,,-49.8,,
,,,,,,,,,,,,,8.1081081081081081081081
,SERENDIB ENGINEERING GROUP PLC,,IDL.N0000,,8.0,,1,,1,,0.6,,
,,,,,,,,,,,,,4.0540540540540540540540
,SERENDIB ENGINEERING GROUP PLC,,IDL.N0000,,7.7,,4,,3954,,0.3,,
,,,,,,,,,,,,,2.7027027027027027027027
,SERENDIB ENGINEERING GROUP PLC,,IDL.N0000,,7.6,,6,,935,,0.2,,
,,,,,,,,,,,,,0
,SERENDIB ENGINEERING GROUP PLC,,IDL.N0000,,7.4,,4,,3800,,0,,
,,,,,,,,,,,,,-1.351351351351351351351
,SERENDIB ENGINEERING GROUP PLC,,IDL.N0000,,7.3,,1,,125,,-0.1,,
,,,,,,,,,,,,,0.1569858712715855572998
,SEYLAN BANK PLC,,SEYB.X0000,,63.8,,1,,20,,0.1,,
,,,,,,,,,,,,,0
,SEYLAN BANK PLC,,SEYB.X0000,,63.7,,5,,4038,,0,,
,,,,,,,,,,,,,-0.156985871271585557299
,SEYLAN BANK PLC,,SEYB.X0000,,63.6,,4,,94,,-0.1,,
,,,,,,,,,,,,,-0.414937759336099585062
,SEYLAN BANK PLC,,SEYB.N0000,,96.0,,1,,100,,-0.4,,
,,,,,,,,,,,,,-0.784929356357927786499
,SEYLAN BANK PLC,,SEYB.X0000,,63.2,,2,,201,,-0.5,,
,,,,,,,,,,,,,-0.941915227629513343799
,SEYLAN BANK PLC,,SEYB.X0000,,63.1,,5,,2105,,-0.6,,
,,,,,,,,,,,,,-1.098901098901098901098
,SEYLAN BANK PLC,,SEYB.X0000,,63.0,,17,,50678,,-0.7,,
,,,,,,,,,,,,,-1.452282157676348547717
,SEYLAN BANK PLC,,SEYB.N0000,,95.0,,1,,10,,-1.4,,
,,,,,,,,,,,,,-2.489626556016597510373
,SEYLAN BANK PLC,,SEYB.N0000,,94.0,,7,,45000,,-2.4,,
,,,,,,,,,,,,,10.489510489510489510489
,SEYLAN DEVELOPMENTS PLC,,CSD.N0000,,15.8,,5,,2004,,1.5,,
,,,,,,,,,,,,,9.7902097902097902097902
,SEYLAN DEVELOPMENTS PLC,,CSD.N0000,,15.7,,28,,57539,,1.4,,
,,,,,,,,,,,,,9.0909090909090909090909
,SEYLAN DEVELOPMENTS PLC,,CSD.N0000,,15.6,,39,,77002,,1.3,,
,,,,,,,,,,,,,8.3916083916083916083916
,SEYLAN DEVELOPMENTS PLC,,CSD.N0000,,15.5,,79,,331262,,1.2,,
,,,,,,,,,,,,,7.6923076923076923076923
,SEYLAN DEVELOPMENTS PLC,,CSD.N0000,,15.4,,20,,35417,,1.1,,
,,,,,,,,,,,,,6.9930069930069930069930
,SEYLAN DEVELOPMENTS PLC,,CSD.N0000,,15.3,,16,,53571,,1,,
,,,,,,,,,,,,,6.2937062937062937062937
,SEYLAN DEVELOPMENTS PLC,,CSD.N0000,,15.2,,21,,65025,,0.9,,
,,,,,,,,,,,,,5.5944055944055944055944
,SEYLAN DEVELOPMENTS PLC,,CSD.N0000,,15.1,,5,,2200,,0.8,,
,,,,,,,,,,,,,4.8951048951048951048951
,SEYLAN DEVELOPMENTS PLC,,CSD.N0000,,15.0,,25,,91700,,0.7,,
,,,,,,,,,,,,,4.1958041958041958041958
,SEYLAN DEVELOPMENTS PLC,,CSD.N0000,,14.9,,5,,19973,,0.6,,
,,,,,,,,,,,,,3.4965034965034965034965
,SEYLAN DEVELOPMENTS PLC,,CSD.N0000,,14.8,,3,,1050,,0.5,,
,,,,,,,,,,,,,2.7972027972027972027972
,SEYLAN DEVELOPMENTS PLC,,CSD.N0000,,14.7,,3,,10075,,0.4,,
,,,,,,,,,,,,,2.0979020979020979020979
,SEYLAN DEVELOPMENTS PLC,,CSD.N0000,,14.6,,5,,60000,,0.3,,
,,,,,,,,,,,,,1.3986013986013986013986
,SEYLAN DEVELOPMENTS PLC,,CSD.N0000,,14.5,,2,,23622,,0.2,,
,,,,,,,,,,,,,0
,SIERRA CABLES PLC,,SIRA.N0000,,3.5,,30,,350201,,0,,
,,,,,,,,,,,,,-2.325581395348837209302
,SINGER FINANCE (LANKA) PLC,,SFIN.N0000,,21.0,,5,,1000,,-0.5,,
,,,,,,,,,,,,,-0.333333333333333333333
,SINGER INDUSTRIES (CEYLON) PLC,,SINI.N0000,,179.4,,1,,50,,-0.6,,
,,,,,,,,,,,,,-0.388888888888888888888
,SINGER INDUSTRIES (CEYLON) PLC,,SINI.N0000,,179.3,,1,,160,,-0.7,,
,,,,,,,,,,,,,-2.722222222222222222222
,SINGER INDUSTRIES (CEYLON) PLC,,SINI.N0000,,175.1,,1,,10,,-4.9,,
,,,,,,,,,,,,,0
,SINGHE HOSPITALS PLC,,SINH.N0000,,2.0,,2,,3000,,0,,
,,,,,,,,,,,,,4.7368421052631578947368
,SINHAPUTHRA FINANCE PLC,,SFL.N0000,,19.9,,2,,1020,,0.9,,
,,,,,,,,,,,,,1.8181818181818181818181
,SINHAPUTHRA FINANCE PLC,,SFL.P0000,,11.2,,4,,44,,0.2,,
,,,,,,,,,,,,,0
,SINHAPUTHRA FINANCE PLC,,SFL.N0000,,19.0,,1,,1,,0,,
,,,,,,,,,,,,,0
,SINHAPUTHRA FINANCE PLC,,SFL.P0000,,11.0,,3,,112,,0,,
,,,,,,,,,,,,,-0.909090909090909090909
,SINHAPUTHRA FINANCE PLC,,SFL.P0000,,10.9,,31,,75752,,-0.1,,
,,,,,,,,,,,,,-1.818181818181818181818
,SINHAPUTHRA FINANCE PLC,,SFL.P0000,,10.8,,5,,23820,,-0.2,,
,,,,,,,,,,,,,-2.727272727272727272727
,SINHAPUTHRA FINANCE PLC,,SFL.P0000,,10.7,,13,,55020,,-0.3,,
,,,,,,,,,,,,,28.571428571428571428571
,SMB LEASING PLC,,SEMB.N0000,,0.9,,7,,3226,,0.2,,
,,,,,,,,,,,,,14.285714285714285714285
,SMB LEASING PLC,,SEMB.N0000,,0.8,,17,,413419,,0.1,,
,,,,,,,,,,,,,0
,SMB LEASING PLC,,SEMB.X0000,,0.4,,2,,260000,,0,,
,,,,,,,,,,,,,-25
,SMB LEASING PLC,,SEMB.X0000,,0.3,,1,,35500,,-0.1,,
,,,,,,,,,,,,,1.6949152542372881355932
,SOFTLOGIC CAPITAL PLC,,SCAP.N0000,,6.0,,1,,100,,0.1,,
,,,,,,,,,,,,,2.0547945205479452054794
,SOFTLOGIC HOLDINGS PLC,,SHL.N0000,,14.9,,3,,1900,,0.3,,
,,,,,,,,,,,,,1.3698630136986301369863
,SOFTLOGIC HOLDINGS PLC,,SHL.N0000,,14.8,,8,,35461,,0.2,,
,,,,,,,,,,,,,0.6849315068493150684931
,SOFTLOGIC HOLDINGS PLC,,SHL.N0000,,14.7,,4,,2390,,0.1,,
,,,,,,,,,,,,,0
,SOFTLOGIC HOLDINGS PLC,,SHL.N0000,,14.6,,5,,10117,,0,,
,,,,,,,,,,,,,-0.684931506849315068493
,SOFTLOGIC HOLDINGS PLC,,SHL.N0000,,14.5,,9,,24483,,-0.1,,
,,,,,,,,,,,,,-0.523560209424083769633
,SRI LANKA TELECOM PLC,,SLTL.N0000,,38.0,,2,,620,,-0.2,,
,,,,,,,,,,,,,-0.785340314136125654450
,SRI LANKA TELECOM PLC,,SLTL.N0000,,37.9,,1,,100,,-0.3,,
,,,,,,,,,,,,,-1.047120418848167539267
,SRI LANKA TELECOM PLC,,SLTL.N0000,,37.8,,5,,2070,,-0.4,,
,,,,,,,,,,,,,6.9825436408977556109725
,STANDARD CAPITAL PLC,,SING.N0000,,85.8,,1,,5,,5.6,,
,,,,,,,,,,,,,5.9850374064837905236907
,STANDARD CAPITAL PLC,,SING.N0000,,85.0,,1,,15,,4.8,,
,,,,,,,,,,,,,0.1246882793017456359102
,STANDARD CAPITAL PLC,,SING.N0000,,80.3,,4,,1475,,0.1,,
,,,,,,,,,,,,,0
,SUMMIT FINANCE PLC,,GSF.N0000,,32.8,,1,,50,,0,,
,,,,,,,,,,,,,-2.439024390243902439024
,SUMMIT FINANCE PLC,,GSF.N0000,,32.0,,3,,5500,,-0.8,,
,,,,,,,,,,,,,-3.353658536585365853658
,SUMMIT FINANCE PLC,,GSF.N0000,,31.7,,3,,2140,,-1.1,,
,,,,,,,,,,,,,-3.658536585365853658536
,SUMMIT FINANCE PLC,,GSF.N0000,,31.6,,1,,100,,-1.2,,
,,,,,,,,,,,,,-3.963414634146341463414
,SUMMIT FINANCE PLC,,GSF.N0000,,31.5,,8,,3699,,-1.3,,
,,,,,,,,,,,,,0
,SUNSHINE HOLDINGS PLC,,SUN.N0000,,52.0,,1,,1,,0,,
,,,,,,,,,,,,,5.8823529411764705882352
,SWARNAMAHAL FINANCIAL SERVICES PLC,,SFS.N0000,,1.8,,3,,475,,0.1,,
,,,,,,,,,,,,,0
,SWARNAMAHAL FINANCIAL SERVICES PLC,,SFS.N0000,,1.7,,6,,25275,,0,,
,,,,,,,,,,,,,0
,SWISSTEK (CEYLON) PLC,,PARQ.N0000,,74.0,,12,,25000,,0,,
,,,,,,,,,,,,,-0.405405405405405405405
,SWISSTEK (CEYLON) PLC,,PARQ.N0000,,73.7,,1,,2,,-0.3,,
,,,,,,,,,,,,,-3.169014084507042253521
,TAL LANKA HOTELS PLC,,TAJ.N0000,,27.5,,1,,100,,-0.9,,
,,,,,,,,,,,,,-3.521126760563380281690
,TAL LANKA HOTELS PLC,,TAJ.N0000,,27.4,,1,,14,,-1,,
,,,,,,,,,,,,,-3.873239436619718309859
,TAL LANKA HOTELS PLC,,TAJ.N0000,,27.3,,4,,265,,-1.1,,
,,,,,,,,,,,,,-0.561797752808988764044
,TALAWAKELLE TEA ESTATES  PLC,,TPL.N0000,,35.4,,2,,29,,-0.2,,
,,,,,,,,,,,,,6.5
,TANGERINE BEACH HOTELS PLC,,TANG.N0000,,63.9,,1,,410,,3.9,,
,,,,,,,,,,,,,6
,TANGERINE BEACH HOTELS PLC,,TANG.N0000,,63.6,,1,,90,,3.6,,
,,,,,,,,,,,,,4.1666666666666666666666
,TANGERINE BEACH HOTELS PLC,,TANG.N0000,,62.5,,1,,300,,2.5,,
,,,,,,,,,,,,,0
,TANGERINE BEACH HOTELS PLC,,TANG.N0000,,60.0,,3,,1961,,0,,
,,,,,,,,,,,,,0
,TAPROBANE HOLDINGS PLC,,TAP.N0000,,5.2,,3,,200,,0,,
,,,,,,,,,,,,,-1.923076923076923076923
,TAPROBANE HOLDINGS PLC,,TAP.N0000,,5.1,,5,,2400,,-0.1,,
,,,,,,,,,,,,,-3.846153846153846153846
,TAPROBANE HOLDINGS PLC,,TAP.N0000,,5.0,,5,,10760,,-0.2,,
,,,,,,,,,,,,,6.9565217391304347826086
,TEA SMALLHOLDER FACTORIES PLC,,TSML.N0000,,24.6,,1,,9,,1.6,,
,,,,,,,,,,,,,0
,TEEJAY LANKA PLC,,TJL.N0000,,47.4,,1,,420,,0,,
,,,,,,,,,,,,,-0.210970464135021097046
,TEEJAY LANKA PLC,,TJL.N0000,,47.3,,1,,85,,-0.1,,
,,,,,,,,,,,,,-0.421940928270042194092
,TEEJAY LANKA PLC,,TJL.N0000,,47.2,,16,,26674,,-0.2,,
,,,,,,,,,,,,,-0.632911392405063291139
,TEEJAY LANKA PLC,,TJL.N0000,,47.1,,7,,6127,,-0.3,,
,,,,,,,,,,,,,-0.843881856540084388185
,TEEJAY LANKA PLC,,TJL.N0000,,47.0,,49,,90236,,-0.4,,
,,,,,,,,,,,,,-1.054852320675105485232
,TEEJAY LANKA PLC,,TJL.N0000,,46.9,,9,,5100,,-0.5,,
,,,,,,,,,,,,,6.25
,TESS AGRO PLC,,TESS.N0000,,1.7,,4,,3034,,0.1,,
,,,,,,,,,,,,,0
,TESS AGRO PLC,,TESS.N0000,,1.6,,20,,782630,,0,,
,,,,,,,,,,,,,0
,TESS AGRO PLC,,TESS.X0000,,1.4,,1,,75,,0,,
,,,,,,,,,,,,,-7.142857142857142857142
,TESS AGRO PLC,,TESS.X0000,,1.3,,1,,1,,-0.1,,
,,,,,,,,,,,,,0.1335113484646194926568
,THE AUTODROME PLC,,AUTO.N0000,,75.0,,8,,799,,0.1,,
,,,,,,,,,,,,,0
,THE COLOMBO FORT LAND & BUILDING PLC,,CFLB.N0000,,21.2,,1,,100,,0,,
,,,,,,,,,,,,,-0.471698113207547169811
,THE COLOMBO FORT LAND & BUILDING PLC,,CFLB.N0000,,21.1,,6,,10900,,-0.1,,
,,,,,,,,,,,,,2.3809523809523809523809
,THE FINANCE COMPANY PLC,,TFC.N0000,,8.6,,7,,3900,,0.2,,
,,,,,,,,,,,,,1.1904761904761904761904
,THE FINANCE COMPANY PLC,,TFC.N0000,,8.5,,6,,1333,,0.1,,
,,,,,,,,,,,,,0
,THE FINANCE COMPANY PLC,,TFC.N0000,,8.4,,1,,1,,0,,
,,,,,,,,,,,,,0
,THE FINANCE COMPANY PLC,,TFC.X0000,,3.7,,24,,77444,,0,,
,,,,,,,,,,,,,-2.702702702702702702702
,THE FINANCE COMPANY PLC,,TFC.X0000,,3.6,,10,,16750,,-0.1,,
,,,,,,,,,,,,,-1.190476190476190476190
,THE FINANCE COMPANY PLC,,TFC.N0000,,8.3,,5,,2500,,-0.1,,
,,,,,,,,,,,,,-5.405405405405405405405
,THE FINANCE COMPANY PLC,,TFC.X0000,,3.5,,8,,13904,,-0.2,,
,,,,,,,,,,,,,-2.380952380952380952380
,THE FINANCE COMPANY PLC,,TFC.N0000,,8.2,,13,,27420,,-0.2,,
,,,,,,,,,,,,,1.2658227848101265822784
,THE FORTRESS RESORTS PLC,,RHTL.N0000,,16.0,,4,,27949,,0.2,,
,,,,,,,,,,,,,0.6329113924050632911392
,THE FORTRESS RESORTS PLC,,RHTL.N0000,,15.9,,1,,5,,0.1,,
,,,,,,,,,,,,,0
,THE FORTRESS RESORTS PLC,,RHTL.N0000,,15.8,,1,,782,,0,,
,,,,,,,,,,,,,-3.389830508474576271186
,THE KINGSBURY PLC,,SERV.N0000,,17.1,,2,,135,,-0.6,,
,,,,,,,,,,,,,-3.954802259887005649717
,THE KINGSBURY PLC,,SERV.N0000,,17.0,,11,,30982,,-0.7,,
,,,,,,,,,,,,,1.2328767123287671232876
,THE LANKA HOSPITAL CORPORATION PLC,,LHCL.N0000,,73.9,,1,,4,,0.9,,
,,,,,,,,,,,,,0
,THE LANKA HOSPITAL CORPORATION PLC,,LHCL.N0000,,73.0,,4,,3010,,0,,
,,,,,,,,,,,,,1.4794889038332212508406
,THREE ACRE FARMS PLC,,TAFL.N0000,,150.9,,3,,3008,,2.2,,
,,,,,,,,,,,,,1.0087424344317417619367
,THREE ACRE FARMS PLC,,TAFL.N0000,,150.2,,1,,100,,1.5,,
,,,,,,,,,,,,,0.8742434431741761936785
,THREE ACRE FARMS PLC,,TAFL.N0000,,150.0,,3,,700,,1.3,,
,,,,,,,,,,,,,0.8069939475453934095494
,THREE ACRE FARMS PLC,,TAFL.N0000,,149.9,,1,,200,,1.2,,
,,,,,,,,,,,,,-0.537995965030262273032
,THREE ACRE FARMS PLC,,TAFL.N0000,,147.9,,1,,100,,-0.8,,
,,,,,,,,,,,,,0.9433962264150943396226
,TOKYO CEMENT COMPANY (LANKA) PLC,,TKYO.X0000,,53.5,,1,,500,,0.5,,
,,,,,,,,,,,,,0.5660377358490566037735
,TOKYO CEMENT COMPANY (LANKA) PLC,,TKYO.X0000,,53.3,,3,,152,,0.3,,
,,,,,,,,,,,,,0.1886792452830188679245
,TOKYO CEMENT COMPANY (LANKA) PLC,,TKYO.X0000,,53.1,,1,,37,,0.1,,
,,,,,,,,,,,,,0
,TOKYO CEMENT COMPANY (LANKA) PLC,,TKYO.X0000,,53.0,,47,,291999,,0,,
,,,,,,,,,,,,,0
,TOKYO CEMENT COMPANY (LANKA) PLC,,TKYO.N0000,,62.5,,11,,21420,,0,,
,,,,,,,,,,,,,-0.188679245283018867924
,TOKYO CEMENT COMPANY (LANKA) PLC,,TKYO.X0000,,52.9,,1,,15700,,-0.1,,
,,,,,,,,,,,,,-0.16
,TOKYO CEMENT COMPANY (LANKA) PLC,,TKYO.N0000,,62.4,,7,,11250,,-0.1,,
,,,,,,,,,,,,,-0.377358490566037735849
,TOKYO CEMENT COMPANY (LANKA) PLC,,TKYO.X0000,,52.8,,2,,255,,-0.2,,
,,,,,,,,,,,,,-0.32
,TOKYO CEMENT COMPANY (LANKA) PLC,,TKYO.N0000,,62.3,,1,,400,,-0.2,,
,,,,,,,,,,,,,-0.754716981132075471698
,TOKYO CEMENT COMPANY (LANKA) PLC,,TKYO.X0000,,52.6,,7,,16700,,-0.4,,
,,,,,,,,,,,,,-0.64
,TOKYO CEMENT COMPANY (LANKA) PLC,,TKYO.N0000,,62.1,,3,,361,,-0.4,,
,,,,,,,,,,,,,-0.8
,TOKYO CEMENT COMPANY (LANKA) PLC,,TKYO.N0000,,62.0,,12,,259672,,-0.5,,
,,,,,,,,,,,,,-1.44
,TOKYO CEMENT COMPANY (LANKA) PLC,,TKYO.N0000,,61.6,,2,,200,,-0.9,,
,,,,,,,,,,,,,-1.6
,TOKYO CEMENT COMPANY (LANKA) PLC,,TKYO.N0000,,61.5,,46,,153982,,-1,,
,,,,,,,,,,,,,-1.76
,TOKYO CEMENT COMPANY (LANKA) PLC,,TKYO.N0000,,61.4,,1,,10,,-1.1,,
,,,,,,,,,,,,,-6.091370558375634517766
,UDAPUSSELLAWA PLANTATIONS PLC,,UDPL.N0000,,18.5,,2,,300,,-1.2,,
,,,,,,,,,,,,,0.5917159763313609467455
,UNION BANK OF COLOMBO PLC,,UBC.N0000,,17.0,,3,,2400,,0.1,,
,,,,,,,,,,,,,0
,UNION BANK OF COLOMBO PLC,,UBC.N0000,,16.9,,13,,38460,,0,,
,,,,,,,,,,,,,-0.591715976331360946745
,UNION BANK OF COLOMBO PLC,,UBC.N0000,,16.8,,1,,280,,-0.1,,
,,,,,,,,,,,,,0.2072538860103626943005
,UNITED MOTORS LANKA PLC,,UML.N0000,,96.7,,1,,100,,0.2,,
,,,,,,,,,,,,,-0.414507772020725388601
,UNITED MOTORS LANKA PLC,,UML.N0000,,96.1,,1,,10,,-0.4,,
,,,,,,,,,,,,,0
,VALLIBEL FINANCE PLC,,VFIN.N0000,,63.5,,5,,3700,,0,,
,,,,,,,,,,,,,0
,VALLIBEL ONE PLC,,VONE.N0000,,22.1,,6,,3165,,0,,
,,,,,,,,,,,,,-0.452488687782805429864
,VALLIBEL ONE PLC,,VONE.N0000,,22.0,,4,,375,,-0.1,,
,,,,,,,,,,,,,-1.149425287356321839080
,VALLIBEL POWER ERATHNA PLC,,VPEL.N0000,,8.6,,18,,71409,,-0.1,,
,,,,,,,,,,,,,-2.298850574712643678160
,VALLIBEL POWER ERATHNA PLC,,VPEL.N0000,,8.5,,2,,2050,,-0.2,,
,,,,,,,,,,,,,0
,VIDULLANKA PLC,,VLL.N0000,,5.8,,4,,11585,,0,,
,,,,,,,,,,,,,-1.724137931034482758620
,VIDULLANKA PLC,,VLL.N0000,,5.7,,5,,2365,,-0.1,,
,,,,,,,,,,,,,-1.724137931034482758620
,WASKADUWA BEACH RESORT PLC,,CITW.N0000,,5.7,,5,,5451,,-0.1,,
,,,,,,,,,,,,,-3.448275862068965517241
,WASKADUWA BEACH RESORT PLC,,CITW.N0000,,5.6,,9,,10150,,-0.2,,
,,,,,,,,,,,,,-3.5
,WATAWALA PLANTATIONS PLC,,WATA.N0000,,19.3,,1,,900,,-0.7,,
,,,,,,,,,,,,,4.0540540540540540540540
,YORK ARCADE HOLDINGS PLC,,YORK.N0000,,15.4,,9,,1310,,0.6,,
,,,,,,,,,,,,,1.3513513513513513513513
,YORK ARCADE HOLDINGS PLC,,YORK.N0000,,15.0,,6,,6460,,0.2,,
